<?xml version="1.0" encoding="utf-8"?>
<MovieByFrames>
  <Object path="3-胡村磡大桥\桥墩动画\1号墩\157_p_1_b_1" FileUrl="\\172.16.76.12\76.22-data-6\2_三维建模项目\2019C昌景黄GIS平台\8虚拟施工\DK66+500胡家磡大桥\3-三维场景集成\三维场景_分场景\data\157_p_1_b_1.xpl2">
    <XYZFrame count="2" sampling="Linear">
      <KeyFrame time="239000" x="117.6409767" y="29.7954648" z="126.757" />
      <KeyFrame time="244999.99" x="117.6409767" y="29.7954648" z="126.757" />
    </XYZFrame>
    <AngleFrame count="2" sampling="Linear">
      <KeyFrame time="239000" yaw="0.000" pitch="0.000" roll="0.000" />
      <KeyFrame time="244999.99" yaw="0.000" pitch="0.000" roll="0.000" />
    </AngleFrame>
    <ScaleFrame count="5" sampling="Linear">
      <KeyFrame time="239000" scalex="0.0000" scaley="0.0000" scalez="0.000" visible="1" />
      <KeyFrame time="242001" scalex="0.0000" scaley="0.0000" scalez="0.000" visible="1" />
      <KeyFrame time="242021" scalex="1.0000" scaley="1.0000" scalez="0.020" visible="1" />
      <KeyFrame time="243000" scalex="1.0000" scaley="1.0000" scalez="1.000" visible="1" />
      <KeyFrame time="244999.99" scalex="1.0000" scaley="1.0000" scalez="1.000" visible="1" />
    </ScaleFrame>
  </Object>
  <Object path="3-胡村磡大桥\桥墩动画\1号墩\157_p_1_b_2" FileUrl="\\172.16.76.12\76.22-data-6\2_三维建模项目\2019C昌景黄GIS平台\8虚拟施工\DK66+500胡家磡大桥\3-三维场景集成\三维场景_分场景\data\157_p_1_b_2.xpl2">
    <XYZFrame count="2" sampling="Linear">
      <KeyFrame time="239000" x="117.6409767" y="29.7954648" z="132.757" />
      <KeyFrame time="244999.99" x="117.6409767" y="29.7954648" z="132.757" />
    </XYZFrame>
    <AngleFrame count="2" sampling="Linear">
      <KeyFrame time="239000" yaw="0.000" pitch="0.000" roll="0.000" />
      <KeyFrame time="244999.99" yaw="0.000" pitch="0.000" roll="0.000" />
    </AngleFrame>
    <ScaleFrame count="5" sampling="Linear">
      <KeyFrame time="239000" scalex="0.0000" scaley="0.0000" scalez="0.000" visible="1" />
      <KeyFrame time="243000" scalex="0.0000" scaley="0.0000" scalez="0.000" visible="1" />
      <KeyFrame time="243020" scalex="1.0000" scaley="1.0000" scalez="0.020" visible="1" />
      <KeyFrame time="244000" scalex="1.0000" scaley="1.0000" scalez="1.000" visible="1" />
      <KeyFrame time="244999.99" scalex="1.0000" scaley="1.0000" scalez="1.000" visible="1" />
    </ScaleFrame>
  </Object>
  <Object path="3-胡村磡大桥\桥墩动画\1号墩\157_p_1_ds" FileUrl="\\172.16.76.12\76.22-data-6\2_三维建模项目\2019C昌景黄GIS平台\8虚拟施工\DK66+500胡家磡大桥\3-三维场景集成\三维场景_分场景\data\157_p_1_ds.xpl2">
    <XYZFrame count="2" sampling="Linear">
      <KeyFrame time="239000" x="117.6409767" y="29.7954648" z="135.757" />
      <KeyFrame time="244999.99" x="117.6409767" y="29.7954648" z="135.757" />
    </XYZFrame>
    <AngleFrame count="2" sampling="Linear">
      <KeyFrame time="239000" yaw="0.000" pitch="0.000" roll="0.000" />
      <KeyFrame time="244999.99" yaw="0.000" pitch="0.000" roll="0.000" />
    </AngleFrame>
    <ScaleFrame count="4" sampling="Linear">
      <KeyFrame time="239000" scalex="0.0000" scaley="0.0000" scalez="0.000" visible="1" />
      <KeyFrame time="244000" scalex="0.0000" scaley="0.0000" scalez="0.000" visible="1" />
      <KeyFrame time="244020" scalex="1.0000" scaley="1.0000" scalez="0.020" visible="1" />
      <KeyFrame time="244999.99" scalex="1.0000" scaley="1.0000" scalez="1.000" visible="1" />
    </ScaleFrame>
  </Object>
  <Object path="3-胡村磡大桥\桥墩动画\1号墩\157_p_1_c_1" FileUrl="\\172.16.76.12\76.22-data-6\2_三维建模项目\2019C昌景黄GIS平台\8虚拟施工\DK66+500胡家磡大桥\3-三维场景集成\三维场景_分场景\data\157_p_1_c_1.xpl2">
    <XYZFrame count="2" sampling="Linear">
      <KeyFrame time="239000" x="117.6409767" y="29.7954648" z="124.757" />
      <KeyFrame time="244999.99" x="117.6409767" y="29.7954648" z="124.757" />
    </XYZFrame>
    <AngleFrame count="2" sampling="Linear">
      <KeyFrame time="239000" yaw="0.000" pitch="0.000" roll="0.000" />
      <KeyFrame time="244999.99" yaw="0.000" pitch="0.000" roll="0.000" />
    </AngleFrame>
    <ScaleFrame count="6" sampling="Linear">
      <KeyFrame time="239000" scalex="0.0000" scaley="0.0000" scalez="0.000" visible="1" />
      <KeyFrame time="241000" scalex="0.0000" scaley="0.0000" scalez="0.000" visible="1" />
      <KeyFrame time="241020" scalex="1.0000" scaley="1.0000" scalez="0.020" visible="1" />
      <KeyFrame time="241999.99" scalex="1.0000" scaley="1.0000" scalez="1.000" visible="1" />
      <KeyFrame time="242000.99" scalex="1.0000" scaley="1.0000" scalez="1.000" visible="1" />
      <KeyFrame time="244999.99" scalex="1.0000" scaley="1.0000" scalez="1.000" visible="1" />
    </ScaleFrame>
  </Object>
  <Object path="3-胡村磡大桥\桥墩动画\1号墩\157_p_1_1" FileUrl="\\172.16.76.12\76.22-data-6\2_三维建模项目\2019C昌景黄GIS平台\8虚拟施工\DK66+500胡家磡大桥\3-三维场景集成\三维场景_分场景\data\157_p_1_1.xpl2">
    <XYZFrame count="2" sampling="Linear">
      <KeyFrame time="239000" x="117.6410164" y="29.7954563" z="103.257" />
      <KeyFrame time="244999.99" x="117.6410164" y="29.7954563" z="103.257" />
    </XYZFrame>
    <AngleFrame count="2" sampling="Linear">
      <KeyFrame time="239000" yaw="0.000" pitch="0.000" roll="0.000" />
      <KeyFrame time="244999.99" yaw="0.000" pitch="0.000" roll="0.000" />
    </AngleFrame>
    <ScaleFrame count="5" sampling="Linear">
      <KeyFrame time="239000" scalex="0.0000" scaley="0.0000" scalez="0.000" visible="1" />
      <KeyFrame time="239020" scalex="1.0000" scaley="1.0000" scalez="0.020" visible="1" />
      <KeyFrame time="239999.99" scalex="1.0000" scaley="1.0000" scalez="1.000" visible="1" />
      <KeyFrame time="240000.99" scalex="1.0000" scaley="1.0000" scalez="1.000" visible="1" />
      <KeyFrame time="244999.99" scalex="1.0000" scaley="1.0000" scalez="1.000" visible="1" />
    </ScaleFrame>
  </Object>
  <Object path="3-胡村磡大桥\桥墩动画\1号墩\157_p_1_2" FileUrl="\\172.16.76.12\76.22-data-6\2_三维建模项目\2019C昌景黄GIS平台\8虚拟施工\DK66+500胡家磡大桥\3-三维场景集成\三维场景_分场景\data\157_p_1_2.xpl2">
    <XYZFrame count="2" sampling="Linear">
      <KeyFrame time="239000" x="117.6409946" y="29.7954683" z="103.257" />
      <KeyFrame time="244999.99" x="117.6409946" y="29.7954683" z="103.257" />
    </XYZFrame>
    <AngleFrame count="2" sampling="Linear">
      <KeyFrame time="239000" yaw="0.000" pitch="0.000" roll="0.000" />
      <KeyFrame time="244999.99" yaw="0.000" pitch="0.000" roll="0.000" />
    </AngleFrame>
    <ScaleFrame count="5" sampling="Linear">
      <KeyFrame time="239000" scalex="0.0000" scaley="0.0000" scalez="0.000" visible="1" />
      <KeyFrame time="239020" scalex="1.0000" scaley="1.0000" scalez="0.020" visible="1" />
      <KeyFrame time="239999.99" scalex="1.0000" scaley="1.0000" scalez="1.000" visible="1" />
      <KeyFrame time="240000.99" scalex="1.0000" scaley="1.0000" scalez="1.000" visible="1" />
      <KeyFrame time="244999.99" scalex="1.0000" scaley="1.0000" scalez="1.000" visible="1" />
    </ScaleFrame>
  </Object>
  <Object path="3-胡村磡大桥\桥墩动画\1号墩\157_p_1_3" FileUrl="\\172.16.76.12\76.22-data-6\2_三维建模项目\2019C昌景黄GIS平台\8虚拟施工\DK66+500胡家磡大桥\3-三维场景集成\三维场景_分场景\data\157_p_1_3.xpl2">
    <XYZFrame count="2" sampling="Linear">
      <KeyFrame time="239000" x="117.6409727" y="29.7954803" z="103.257" />
      <KeyFrame time="244999.99" x="117.6409727" y="29.7954803" z="103.257" />
    </XYZFrame>
    <AngleFrame count="2" sampling="Linear">
      <KeyFrame time="239000" yaw="0.000" pitch="0.000" roll="0.000" />
      <KeyFrame time="244999.99" yaw="0.000" pitch="0.000" roll="0.000" />
    </AngleFrame>
    <ScaleFrame count="5" sampling="Linear">
      <KeyFrame time="239000" scalex="0.0000" scaley="0.0000" scalez="0.000" visible="1" />
      <KeyFrame time="239020" scalex="1.0000" scaley="1.0000" scalez="0.020" visible="1" />
      <KeyFrame time="239999.99" scalex="1.0000" scaley="1.0000" scalez="1.000" visible="1" />
      <KeyFrame time="240000.99" scalex="1.0000" scaley="1.0000" scalez="1.000" visible="1" />
      <KeyFrame time="244999.99" scalex="1.0000" scaley="1.0000" scalez="1.000" visible="1" />
    </ScaleFrame>
  </Object>
  <Object path="3-胡村磡大桥\桥墩动画\1号墩\157_p_1_4" FileUrl="\\172.16.76.12\76.22-data-6\2_三维建模项目\2019C昌景黄GIS平台\8虚拟施工\DK66+500胡家磡大桥\3-三维场景集成\三维场景_分场景\data\157_p_1_4.xpl2">
    <XYZFrame count="2" sampling="Linear">
      <KeyFrame time="239000" x="117.6409508" y="29.7954923" z="103.257" />
      <KeyFrame time="244999.99" x="117.6409508" y="29.7954923" z="103.257" />
    </XYZFrame>
    <AngleFrame count="2" sampling="Linear">
      <KeyFrame time="239000" yaw="0.000" pitch="0.000" roll="0.000" />
      <KeyFrame time="244999.99" yaw="0.000" pitch="0.000" roll="0.000" />
    </AngleFrame>
    <ScaleFrame count="5" sampling="Linear">
      <KeyFrame time="239000" scalex="0.0000" scaley="0.0000" scalez="0.000" visible="1" />
      <KeyFrame time="239020" scalex="1.0000" scaley="1.0000" scalez="0.020" visible="1" />
      <KeyFrame time="239999.99" scalex="1.0000" scaley="1.0000" scalez="1.000" visible="1" />
      <KeyFrame time="240000.99" scalex="1.0000" scaley="1.0000" scalez="1.000" visible="1" />
      <KeyFrame time="244999.99" scalex="1.0000" scaley="1.0000" scalez="1.000" visible="1" />
    </ScaleFrame>
  </Object>
  <Object path="3-胡村磡大桥\桥墩动画\1号墩\157_p_1_5" FileUrl="\\172.16.76.12\76.22-data-6\2_三维建模项目\2019C昌景黄GIS平台\8虚拟施工\DK66+500胡家磡大桥\3-三维场景集成\三维场景_分场景\data\157_p_1_5.xpl2">
    <XYZFrame count="2" sampling="Linear">
      <KeyFrame time="239000" x="117.6410026" y="29.7954373" z="103.257" />
      <KeyFrame time="244999.99" x="117.6410026" y="29.7954373" z="103.257" />
    </XYZFrame>
    <AngleFrame count="2" sampling="Linear">
      <KeyFrame time="239000" yaw="0.000" pitch="0.000" roll="0.000" />
      <KeyFrame time="244999.99" yaw="0.000" pitch="0.000" roll="0.000" />
    </AngleFrame>
    <ScaleFrame count="5" sampling="Linear">
      <KeyFrame time="239000" scalex="0.0000" scaley="0.0000" scalez="0.000" visible="1" />
      <KeyFrame time="239020" scalex="1.0000" scaley="1.0000" scalez="0.020" visible="1" />
      <KeyFrame time="239999.99" scalex="1.0000" scaley="1.0000" scalez="1.000" visible="1" />
      <KeyFrame time="240000.99" scalex="1.0000" scaley="1.0000" scalez="1.000" visible="1" />
      <KeyFrame time="244999.99" scalex="1.0000" scaley="1.0000" scalez="1.000" visible="1" />
    </ScaleFrame>
  </Object>
  <Object path="3-胡村磡大桥\桥墩动画\1号墩\157_p_1_6" FileUrl="\\172.16.76.12\76.22-data-6\2_三维建模项目\2019C昌景黄GIS平台\8虚拟施工\DK66+500胡家磡大桥\3-三维场景集成\三维场景_分场景\data\157_p_1_6.xpl2">
    <XYZFrame count="2" sampling="Linear">
      <KeyFrame time="239000" x="117.6409807" y="29.7954493" z="103.257" />
      <KeyFrame time="244999.99" x="117.6409807" y="29.7954493" z="103.257" />
    </XYZFrame>
    <AngleFrame count="2" sampling="Linear">
      <KeyFrame time="239000" yaw="0.000" pitch="0.000" roll="0.000" />
      <KeyFrame time="244999.99" yaw="0.000" pitch="0.000" roll="0.000" />
    </AngleFrame>
    <ScaleFrame count="5" sampling="Linear">
      <KeyFrame time="239000" scalex="0.0000" scaley="0.0000" scalez="0.000" visible="1" />
      <KeyFrame time="239020" scalex="1.0000" scaley="1.0000" scalez="0.020" visible="1" />
      <KeyFrame time="239999.99" scalex="1.0000" scaley="1.0000" scalez="1.000" visible="1" />
      <KeyFrame time="240000.99" scalex="1.0000" scaley="1.0000" scalez="1.000" visible="1" />
      <KeyFrame time="244999.99" scalex="1.0000" scaley="1.0000" scalez="1.000" visible="1" />
    </ScaleFrame>
  </Object>
  <Object path="3-胡村磡大桥\桥墩动画\1号墩\157_p_1_7" FileUrl="\\172.16.76.12\76.22-data-6\2_三维建模项目\2019C昌景黄GIS平台\8虚拟施工\DK66+500胡家磡大桥\3-三维场景集成\三维场景_分场景\data\157_p_1_7.xpl2">
    <XYZFrame count="2" sampling="Linear">
      <KeyFrame time="239000" x="117.6409589" y="29.7954613" z="103.257" />
      <KeyFrame time="244999.99" x="117.6409589" y="29.7954613" z="103.257" />
    </XYZFrame>
    <AngleFrame count="2" sampling="Linear">
      <KeyFrame time="239000" yaw="0.000" pitch="0.000" roll="0.000" />
      <KeyFrame time="244999.99" yaw="0.000" pitch="0.000" roll="0.000" />
    </AngleFrame>
    <ScaleFrame count="5" sampling="Linear">
      <KeyFrame time="239000" scalex="0.0000" scaley="0.0000" scalez="0.000" visible="1" />
      <KeyFrame time="239020" scalex="1.0000" scaley="1.0000" scalez="0.020" visible="1" />
      <KeyFrame time="239999.99" scalex="1.0000" scaley="1.0000" scalez="1.000" visible="1" />
      <KeyFrame time="240000.99" scalex="1.0000" scaley="1.0000" scalez="1.000" visible="1" />
      <KeyFrame time="244999.99" scalex="1.0000" scaley="1.0000" scalez="1.000" visible="1" />
    </ScaleFrame>
  </Object>
  <Object path="3-胡村磡大桥\桥墩动画\1号墩\157_p_1_8" FileUrl="\\172.16.76.12\76.22-data-6\2_三维建模项目\2019C昌景黄GIS平台\8虚拟施工\DK66+500胡家磡大桥\3-三维场景集成\三维场景_分场景\data\157_p_1_8.xpl2">
    <XYZFrame count="2" sampling="Linear">
      <KeyFrame time="239000" x="117.6409370" y="29.7954733" z="103.257" />
      <KeyFrame time="244999.99" x="117.6409370" y="29.7954733" z="103.257" />
    </XYZFrame>
    <AngleFrame count="2" sampling="Linear">
      <KeyFrame time="239000" yaw="0.000" pitch="0.000" roll="0.000" />
      <KeyFrame time="244999.99" yaw="0.000" pitch="0.000" roll="0.000" />
    </AngleFrame>
    <ScaleFrame count="5" sampling="Linear">
      <KeyFrame time="239000" scalex="0.0000" scaley="0.0000" scalez="0.000" visible="1" />
      <KeyFrame time="239020" scalex="1.0000" scaley="1.0000" scalez="0.020" visible="1" />
      <KeyFrame time="239999.99" scalex="1.0000" scaley="1.0000" scalez="1.000" visible="1" />
      <KeyFrame time="240000.99" scalex="1.0000" scaley="1.0000" scalez="1.000" visible="1" />
      <KeyFrame time="244999.99" scalex="1.0000" scaley="1.0000" scalez="1.000" visible="1" />
    </ScaleFrame>
  </Object>  
  <Object path="3-胡村磡大桥\桥墩动画\1号墩\1号墩D1" FileUrl="\\172.16.76.12\76.22-data-6\2_三维建模项目\2019C昌景黄GIS平台\8虚拟施工\DK66+500胡家磡大桥\3-三维场景集成\三维场景_分场景\动画成果\3-桥墩\xpl2\1号墩D1.xpl2">
    <XYZFrame count="2" sampling="Linear">
      <KeyFrame time="239000" x="117.6409777" y="29.7954664" z="124.647" />
      <KeyFrame time="244999.99" x="117.6409777" y="29.7954664" z="124.647" />
    </XYZFrame>
    <AngleFrame count="2" sampling="Linear">
      <KeyFrame time="239000" yaw="-0.100" pitch="0.000" roll="0.000" />
      <KeyFrame time="244999.99" yaw="-0.100" pitch="0.000" roll="0.000" />
    </AngleFrame>
    <ScaleFrame count="10" sampling="Linear">
      <KeyFrame time="239000" scalex="0.0000" scaley="0.0000" scalez="0.000" visible="1" />
      <KeyFrame time="239999.99" scalex="0.0000" scaley="0.0000" scalez="0.000" visible="1" />
      <KeyFrame time="240000.99" scalex="1.0000" scaley="1.0000" scalez="0.990" visible="1" />
      <KeyFrame time="240001" scalex="1.0000" scaley="1.0000" scalez="1.000" visible="1" />
      <KeyFrame time="240999.99" scalex="1.0000" scaley="1.0000" scalez="0.000" visible="1" />
      <KeyFrame time="241000" scalex="0.0000" scaley="0.0000" scalez="0.000" visible="1" />
      <KeyFrame time="241999.99" scalex="0.0000" scaley="0.0000" scalez="0.000" visible="1" />
      <KeyFrame time="242000.99" scalex="1.0000" scaley="1.0000" scalez="0.990" visible="1" />
      <KeyFrame time="242001" scalex="1.0000" scaley="1.0000" scalez="1.000" visible="1" />
      <KeyFrame time="244999.99" scalex="1.0000" scaley="1.0000" scalez="1.000" visible="1" />
    </ScaleFrame>
  </Object>
</MovieByFrames>