<?xml version="1.0" encoding="utf-8"?>
<MovieByFrames>
  <Object path="3-胡村磡大桥\桥墩动画\6号墩\157_p_6_b_1" FileUrl="\\172.16.76.12\76.22-data-6\2_三维建模项目\2019C昌景黄GIS平台\8虚拟施工\DK66+500胡家磡大桥\3-三维场景集成\三维场景_分场景\data\157_p_6_b_1.xpl2">
    <XYZFrame count="2" sampling="Linear">
      <KeyFrame time="239000" x="117.6400682" y="29.7942173" z="133.082" />
      <KeyFrame time="243999.99" x="117.6400682" y="29.7942173" z="133.082" />
    </XYZFrame>
    <AngleFrame count="2" sampling="Linear">
      <KeyFrame time="239000" yaw="0.000" pitch="0.000" roll="0.000" />
      <KeyFrame time="243999.99" yaw="0.000" pitch="0.000" roll="0.000" />
    </AngleFrame>
    <ScaleFrame count="5" sampling="Linear">
      <KeyFrame time="239000" scalex="0.0000" scaley="0.0000" scalez="0.000" visible="1" />
      <KeyFrame time="242001" scalex="0.0000" scaley="0.0000" scalez="0.000" visible="1" />
      <KeyFrame time="242021" scalex="1.0000" scaley="1.0000" scalez="0.020" visible="1" />
      <KeyFrame time="243000" scalex="1.0000" scaley="1.0000" scalez="1.000" visible="1" />
      <KeyFrame time="243999.99" scalex="1.0000" scaley="1.0000" scalez="1.000" visible="1" />
    </ScaleFrame>
  </Object>
  <Object path="3-胡村磡大桥\桥墩动画\6号墩\157_p_6_ds" FileUrl="\\172.16.76.12\76.22-data-6\2_三维建模项目\2019C昌景黄GIS平台\8虚拟施工\DK66+500胡家磡大桥\3-三维场景集成\三维场景_分场景\data\157_p_6_ds.xpl2">
    <XYZFrame count="2" sampling="Linear">
      <KeyFrame time="239000" x="117.6400683" y="29.7942175" z="135.132" />
      <KeyFrame time="243999.99" x="117.6400683" y="29.7942175" z="135.132" />
    </XYZFrame>
    <AngleFrame count="2" sampling="Linear">
      <KeyFrame time="239000" yaw="0.000" pitch="0.000" roll="0.000" />
      <KeyFrame time="243999.99" yaw="0.000" pitch="0.000" roll="0.000" />
    </AngleFrame>
    <ScaleFrame count="4" sampling="Linear">
      <KeyFrame time="239000" scalex="0.0000" scaley="0.0000" scalez="0.000" visible="1" />
      <KeyFrame time="243000" scalex="0.0000" scaley="0.0000" scalez="0.000" visible="1" />
      <KeyFrame time="243020" scalex="1.0000" scaley="1.0000" scalez="0.020" visible="1" />
      <KeyFrame time="243999.99" scalex="1.0000" scaley="1.0000" scalez="1.000" visible="1" />
    </ScaleFrame>
  </Object>
  <Object path="3-胡村磡大桥\桥墩动画\6号墩\157_p_6_1" FileUrl="\\172.16.76.12\76.22-data-6\2_三维建模项目\2019C昌景黄GIS平台\8虚拟施工\DK66+500胡家磡大桥\3-三维场景集成\三维场景_分场景\data\157_p_6_1.xpl2">
    <XYZFrame count="2" sampling="Linear">
      <KeyFrame time="239000" x="117.6401157" y="29.7942196" z="107.581" />
      <KeyFrame time="243999.99" x="117.6401157" y="29.7942196" z="107.581" />
    </XYZFrame>
    <AngleFrame count="2" sampling="Linear">
      <KeyFrame time="239000" yaw="0.000" pitch="0.000" roll="0.000" />
      <KeyFrame time="243999.99" yaw="0.000" pitch="0.000" roll="0.000" />
    </AngleFrame>
    <ScaleFrame count="5" sampling="Linear">
      <KeyFrame time="239000" scalex="0.0000" scaley="0.0000" scalez="0.000" visible="1" />
      <KeyFrame time="239020" scalex="1.0000" scaley="1.0000" scalez="0.020" visible="1" />
      <KeyFrame time="239999.99" scalex="1.0000" scaley="1.0000" scalez="1.000" visible="1" />
      <KeyFrame time="240000.99" scalex="1.0000" scaley="1.0000" scalez="1.000" visible="1" />
      <KeyFrame time="243999.99" scalex="1.0000" scaley="1.0000" scalez="1.000" visible="1" />
    </ScaleFrame>
  </Object>
  <Object path="3-胡村磡大桥\桥墩动画\6号墩\157_p_6_2" FileUrl="\\172.16.76.12\76.22-data-6\2_三维建模项目\2019C昌景黄GIS平台\8虚拟施工\DK66+500胡家磡大桥\3-三维场景集成\三维场景_分场景\data\157_p_6_2.xpl2">
    <XYZFrame count="2" sampling="Linear">
      <KeyFrame time="239000" x="117.6400829" y="29.7942376" z="107.581" />
      <KeyFrame time="243999.99" x="117.6400829" y="29.7942376" z="107.581" />
    </XYZFrame>
    <AngleFrame count="2" sampling="Linear">
      <KeyFrame time="239000" yaw="0.000" pitch="0.000" roll="0.000" />
      <KeyFrame time="243999.99" yaw="0.000" pitch="0.000" roll="0.000" />
    </AngleFrame>
    <ScaleFrame count="5" sampling="Linear">
      <KeyFrame time="239000" scalex="0.0000" scaley="0.0000" scalez="0.000" visible="1" />
      <KeyFrame time="239020" scalex="1.0000" scaley="1.0000" scalez="0.020" visible="1" />
      <KeyFrame time="239999.99" scalex="1.0000" scaley="1.0000" scalez="1.000" visible="1" />
      <KeyFrame time="240000.99" scalex="1.0000" scaley="1.0000" scalez="1.000" visible="1" />
      <KeyFrame time="243999.99" scalex="1.0000" scaley="1.0000" scalez="1.000" visible="1" />
    </ScaleFrame>
  </Object>
  <Object path="3-胡村磡大桥\桥墩动画\6号墩\157_p_6_3" FileUrl="\\172.16.76.12\76.22-data-6\2_三维建模项目\2019C昌景黄GIS平台\8虚拟施工\DK66+500胡家磡大桥\3-三维场景集成\三维场景_分场景\data\157_p_6_3.xpl2">
    <XYZFrame count="2" sampling="Linear">
      <KeyFrame time="239000" x="117.6400501" y="29.7942556" z="107.581" />
      <KeyFrame time="243999.99" x="117.6400501" y="29.7942556" z="107.581" />
    </XYZFrame>
    <AngleFrame count="2" sampling="Linear">
      <KeyFrame time="239000" yaw="0.000" pitch="0.000" roll="0.000" />
      <KeyFrame time="243999.99" yaw="0.000" pitch="0.000" roll="0.000" />
    </AngleFrame>
    <ScaleFrame count="5" sampling="Linear">
      <KeyFrame time="239000" scalex="0.0000" scaley="0.0000" scalez="0.000" visible="1" />
      <KeyFrame time="239020" scalex="1.0000" scaley="1.0000" scalez="0.020" visible="1" />
      <KeyFrame time="239999.99" scalex="1.0000" scaley="1.0000" scalez="1.000" visible="1" />
      <KeyFrame time="240000.99" scalex="1.0000" scaley="1.0000" scalez="1.000" visible="1" />
      <KeyFrame time="243999.99" scalex="1.0000" scaley="1.0000" scalez="1.000" visible="1" />
    </ScaleFrame>
  </Object>
  <Object path="3-胡村磡大桥\桥墩动画\6号墩\157_p_6_4" FileUrl="\\172.16.76.12\76.22-data-6\2_三维建模项目\2019C昌景黄GIS平台\8虚拟施工\DK66+500胡家磡大桥\3-三维场景集成\三维场景_分场景\data\157_p_6_4.xpl2">
    <XYZFrame count="2" sampling="Linear">
      <KeyFrame time="239000" x="117.6400855" y="29.7942096" z="107.581" />
      <KeyFrame time="243999.99" x="117.6400855" y="29.7942096" z="107.581" />
    </XYZFrame>
    <AngleFrame count="2" sampling="Linear">
      <KeyFrame time="239000" yaw="0.000" pitch="0.000" roll="0.000" />
      <KeyFrame time="243999.99" yaw="0.000" pitch="0.000" roll="0.000" />
    </AngleFrame>
    <ScaleFrame count="5" sampling="Linear">
      <KeyFrame time="239000" scalex="0.0000" scaley="0.0000" scalez="0.000" visible="1" />
      <KeyFrame time="239020" scalex="1.0000" scaley="1.0000" scalez="0.020" visible="1" />
      <KeyFrame time="239999.99" scalex="1.0000" scaley="1.0000" scalez="1.000" visible="1" />
      <KeyFrame time="240000.99" scalex="1.0000" scaley="1.0000" scalez="1.000" visible="1" />
      <KeyFrame time="243999.99" scalex="1.0000" scaley="1.0000" scalez="1.000" visible="1" />
    </ScaleFrame>
  </Object>
  <Object path="3-胡村磡大桥\桥墩动画\6号墩\157_p_6_5" FileUrl="\\172.16.76.12\76.22-data-6\2_三维建模项目\2019C昌景黄GIS平台\8虚拟施工\DK66+500胡家磡大桥\3-三维场景集成\三维场景_分场景\data\157_p_6_5.xpl2">
    <XYZFrame count="2" sampling="Linear">
      <KeyFrame time="239000" x="117.6400527" y="29.7942276" z="107.581" />
      <KeyFrame time="243999.99" x="117.6400527" y="29.7942276" z="107.581" />
    </XYZFrame>
    <AngleFrame count="2" sampling="Linear">
      <KeyFrame time="239000" yaw="0.000" pitch="0.000" roll="0.000" />
      <KeyFrame time="243999.99" yaw="0.000" pitch="0.000" roll="0.000" />
    </AngleFrame>
    <ScaleFrame count="5" sampling="Linear">
      <KeyFrame time="239000" scalex="0.0000" scaley="0.0000" scalez="0.000" visible="1" />
      <KeyFrame time="239020" scalex="1.0000" scaley="1.0000" scalez="0.020" visible="1" />
      <KeyFrame time="239999.99" scalex="1.0000" scaley="1.0000" scalez="1.000" visible="1" />
      <KeyFrame time="240000.99" scalex="1.0000" scaley="1.0000" scalez="1.000" visible="1" />
      <KeyFrame time="243999.99" scalex="1.0000" scaley="1.0000" scalez="1.000" visible="1" />
    </ScaleFrame>
  </Object>
  <Object path="3-胡村磡大桥\桥墩动画\6号墩\157_p_6_6" FileUrl="\\172.16.76.12\76.22-data-6\2_三维建模项目\2019C昌景黄GIS平台\8虚拟施工\DK66+500胡家磡大桥\3-三维场景集成\三维场景_分场景\data\157_p_6_6.xpl2">
    <XYZFrame count="2" sampling="Linear">
      <KeyFrame time="239000" x="117.6400881" y="29.7941816" z="107.581" />
      <KeyFrame time="243999.99" x="117.6400881" y="29.7941816" z="107.581" />
    </XYZFrame>
    <AngleFrame count="2" sampling="Linear">
      <KeyFrame time="239000" yaw="0.000" pitch="0.000" roll="0.000" />
      <KeyFrame time="243999.99" yaw="0.000" pitch="0.000" roll="0.000" />
    </AngleFrame>
    <ScaleFrame count="5" sampling="Linear">
      <KeyFrame time="239000" scalex="0.0000" scaley="0.0000" scalez="0.000" visible="1" />
      <KeyFrame time="239020" scalex="1.0000" scaley="1.0000" scalez="0.020" visible="1" />
      <KeyFrame time="239999.99" scalex="1.0000" scaley="1.0000" scalez="1.000" visible="1" />
      <KeyFrame time="240000.99" scalex="1.0000" scaley="1.0000" scalez="1.000" visible="1" />
      <KeyFrame time="243999.99" scalex="1.0000" scaley="1.0000" scalez="1.000" visible="1" />
    </ScaleFrame>
  </Object>
  <Object path="3-胡村磡大桥\桥墩动画\6号墩\157_p_6_7" FileUrl="\\172.16.76.12\76.22-data-6\2_三维建模项目\2019C昌景黄GIS平台\8虚拟施工\DK66+500胡家磡大桥\3-三维场景集成\三维场景_分场景\data\157_p_6_7.xpl2">
    <XYZFrame count="2" sampling="Linear">
      <KeyFrame time="239000" x="117.6400553" y="29.7941996" z="107.581" />
      <KeyFrame time="243999.99" x="117.6400553" y="29.7941996" z="107.581" />
    </XYZFrame>
    <AngleFrame count="2" sampling="Linear">
      <KeyFrame time="239000" yaw="0.000" pitch="0.000" roll="0.000" />
      <KeyFrame time="243999.99" yaw="0.000" pitch="0.000" roll="0.000" />
    </AngleFrame>
    <ScaleFrame count="5" sampling="Linear">
      <KeyFrame time="239000" scalex="0.0000" scaley="0.0000" scalez="0.000" visible="1" />
      <KeyFrame time="239020" scalex="1.0000" scaley="1.0000" scalez="0.020" visible="1" />
      <KeyFrame time="239999.99" scalex="1.0000" scaley="1.0000" scalez="1.000" visible="1" />
      <KeyFrame time="240000.99" scalex="1.0000" scaley="1.0000" scalez="1.000" visible="1" />
      <KeyFrame time="243999.99" scalex="1.0000" scaley="1.0000" scalez="1.000" visible="1" />
    </ScaleFrame>
  </Object>
  <Object path="3-胡村磡大桥\桥墩动画\6号墩\157_p_6_8" FileUrl="\\172.16.76.12\76.22-data-6\2_三维建模项目\2019C昌景黄GIS平台\8虚拟施工\DK66+500胡家磡大桥\3-三维场景集成\三维场景_分场景\data\157_p_6_8.xpl2">
    <XYZFrame count="2" sampling="Linear">
      <KeyFrame time="239000" x="117.6400225" y="29.7942176" z="107.581" />
      <KeyFrame time="243999.99" x="117.6400225" y="29.7942176" z="107.581" />
    </XYZFrame>
    <AngleFrame count="2" sampling="Linear">
      <KeyFrame time="239000" yaw="0.000" pitch="0.000" roll="0.000" />
      <KeyFrame time="243999.99" yaw="0.000" pitch="0.000" roll="0.000" />
    </AngleFrame>
    <ScaleFrame count="5" sampling="Linear">
      <KeyFrame time="239000" scalex="0.0000" scaley="0.0000" scalez="0.000" visible="1" />
      <KeyFrame time="239020" scalex="1.0000" scaley="1.0000" scalez="0.020" visible="1" />
      <KeyFrame time="239999.99" scalex="1.0000" scaley="1.0000" scalez="1.000" visible="1" />
      <KeyFrame time="240000.99" scalex="1.0000" scaley="1.0000" scalez="1.000" visible="1" />
      <KeyFrame time="243999.99" scalex="1.0000" scaley="1.0000" scalez="1.000" visible="1" />
    </ScaleFrame>
  </Object>
  <Object path="3-胡村磡大桥\桥墩动画\6号墩\157_p_6_c_1" FileUrl="\\172.16.76.12\76.22-data-6\2_三维建模项目\2019C昌景黄GIS平台\8虚拟施工\DK66+500胡家磡大桥\3-三维场景集成\三维场景_分场景\data\157_p_6_c_1.xpl2">
    <XYZFrame count="2" sampling="Linear">
      <KeyFrame time="239000" x="117.6400691" y="29.7942186" z="131.082" />
      <KeyFrame time="243999.99" x="117.6400691" y="29.7942186" z="131.082" />
    </XYZFrame>
    <AngleFrame count="2" sampling="Linear">
      <KeyFrame time="239000" yaw="0.000" pitch="0.000" roll="0.000" />
      <KeyFrame time="243999.99" yaw="0.000" pitch="0.000" roll="0.000" />
    </AngleFrame>
    <ScaleFrame count="6" sampling="Linear">
      <KeyFrame time="239000" scalex="0.0000" scaley="0.0000" scalez="0.000" visible="1" />
      <KeyFrame time="241000" scalex="0.0000" scaley="0.0000" scalez="0.000" visible="1" />
      <KeyFrame time="241020" scalex="1.0000" scaley="1.0000" scalez="0.020" visible="1" />
      <KeyFrame time="241999.99" scalex="1.0000" scaley="1.0000" scalez="1.000" visible="1" />
      <KeyFrame time="242000.99" scalex="1.0000" scaley="1.0000" scalez="1.000" visible="1" />
      <KeyFrame time="243999.99" scalex="1.0000" scaley="1.0000" scalez="1.000" visible="1" />
    </ScaleFrame>
  </Object>  
  <Object path="3-胡村磡大桥\桥墩动画\6号墩\6号墩D1" FileUrl="\\172.16.76.12\76.22-data-6\2_三维建模项目\2019C昌景黄GIS平台\8虚拟施工\DK66+500胡家磡大桥\3-三维场景集成\三维场景_分场景\动画成果\3-桥墩\xpl2\6号墩D1.xpl2">
    <XYZFrame count="2" sampling="Linear">
      <KeyFrame time="239000" x="117.6400679" y="29.7942222" z="130.951" />
      <KeyFrame time="243999.99" x="117.6400679" y="29.7942222" z="130.951" />
    </XYZFrame>
    <AngleFrame count="2" sampling="Linear">
      <KeyFrame time="239000" yaw="-1.000" pitch="0.000" roll="0.000" />
      <KeyFrame time="243999.99" yaw="-1.000" pitch="0.000" roll="0.000" />
    </AngleFrame>
    <ScaleFrame count="10" sampling="Linear">
      <KeyFrame time="239000" scalex="0.0000" scaley="0.0000" scalez="0.000" visible="1" />
      <KeyFrame time="239999.99" scalex="0.0000" scaley="0.0000" scalez="0.000" visible="1" />
      <KeyFrame time="240000.99" scalex="1.0000" scaley="1.0000" scalez="0.990" visible="1" />
      <KeyFrame time="240001" scalex="1.0000" scaley="1.0000" scalez="1.000" visible="1" />
      <KeyFrame time="240999.99" scalex="1.0000" scaley="1.0000" scalez="0.000" visible="1" />
      <KeyFrame time="241000" scalex="0.0000" scaley="0.0000" scalez="0.000" visible="1" />
      <KeyFrame time="241999.99" scalex="0.0000" scaley="0.0000" scalez="0.000" visible="1" />
      <KeyFrame time="242000.99" scalex="1.0000" scaley="1.0000" scalez="0.990" visible="1" />
      <KeyFrame time="242001" scalex="1.0000" scaley="1.0000" scalez="1.000" visible="1" />
      <KeyFrame time="243999.99" scalex="1.0000" scaley="1.0000" scalez="1.000" visible="1" />
    </ScaleFrame>
  </Object>
</MovieByFrames>