<?xml version="1.0" encoding="utf-8"?>
<MovieByFrames>
  <Object path="3-胡村磡大桥\桥墩动画\4号墩\157_p_4_b_1" FileUrl="\\172.16.76.12\76.22-data-6\2_三维建模项目\2019C昌景黄GIS平台\8虚拟施工\DK66+500胡家磡大桥\3-三维场景集成\三维场景_分场景\data\157_p_4_b_1.xpl2">
    <XYZFrame count="2" sampling="Linear">
      <KeyFrame time="239000" x="117.6404327" y="29.7947178" z="120.011" />
      <KeyFrame time="244999.99" x="117.6404327" y="29.7947178" z="120.011" />
    </XYZFrame>
    <AngleFrame count="2" sampling="Linear">
      <KeyFrame time="239000" yaw="0.000" pitch="0.000" roll="0.000" />
      <KeyFrame time="244999.99" yaw="0.000" pitch="0.000" roll="0.000" />
    </AngleFrame>
    <ScaleFrame count="5" sampling="Linear">
      <KeyFrame time="239000" scalex="0.0000" scaley="0.0000" scalez="0.000" visible="1" />
      <KeyFrame time="242001" scalex="0.0000" scaley="0.0000" scalez="0.000" visible="1" />
      <KeyFrame time="242021" scalex="1.0000" scaley="1.0000" scalez="0.020" visible="1" />
      <KeyFrame time="243000" scalex="1.0000" scaley="1.0000" scalez="1.000" visible="1" />
      <KeyFrame time="244999.99" scalex="1.0000" scaley="1.0000" scalez="1.000" visible="1" />
    </ScaleFrame>
  </Object>
  <Object path="3-胡村磡大桥\桥墩动画\4号墩\157_p_4_b_2" FileUrl="\\172.16.76.12\76.22-data-6\2_三维建模项目\2019C昌景黄GIS平台\8虚拟施工\DK66+500胡家磡大桥\3-三维场景集成\三维场景_分场景\data\157_p_4_b_2.xpl2">
    <XYZFrame count="2" sampling="Linear">
      <KeyFrame time="239000" x="117.6404327" y="29.7947178" z="132.511" />
      <KeyFrame time="244999.99" x="117.6404327" y="29.7947178" z="132.511" />
    </XYZFrame>
    <AngleFrame count="2" sampling="Linear">
      <KeyFrame time="239000" yaw="0.000" pitch="0.000" roll="0.000" />
      <KeyFrame time="244999.99" yaw="0.000" pitch="0.000" roll="0.000" />
    </AngleFrame>
    <ScaleFrame count="5" sampling="Linear">
      <KeyFrame time="239000" scalex="0.0000" scaley="0.0000" scalez="0.000" visible="1" />
      <KeyFrame time="243000" scalex="0.0000" scaley="0.0000" scalez="0.000" visible="1" />
      <KeyFrame time="243020" scalex="1.0000" scaley="1.0000" scalez="0.020" visible="1" />
      <KeyFrame time="244000" scalex="1.0000" scaley="1.0000" scalez="1.000" visible="1" />
      <KeyFrame time="244999.99" scalex="1.0000" scaley="1.0000" scalez="1.000" visible="1" />
    </ScaleFrame>
  </Object>
  <Object path="3-胡村磡大桥\桥墩动画\4号墩\157_p_4_ds" FileUrl="\\172.16.76.12\76.22-data-6\2_三维建模项目\2019C昌景黄GIS平台\8虚拟施工\DK66+500胡家磡大桥\3-三维场景集成\三维场景_分场景\data\157_p_4_ds.xpl2">
    <XYZFrame count="2" sampling="Linear">
      <KeyFrame time="239000" x="117.6404327" y="29.7947178" z="135.511" />
      <KeyFrame time="244999.99" x="117.6404327" y="29.7947178" z="135.511" />
    </XYZFrame>
    <AngleFrame count="2" sampling="Linear">
      <KeyFrame time="239000" yaw="0.000" pitch="0.000" roll="0.000" />
      <KeyFrame time="244999.99" yaw="0.000" pitch="0.000" roll="0.000" />
    </AngleFrame>
    <ScaleFrame count="4" sampling="Linear">
      <KeyFrame time="239000" scalex="0.0000" scaley="0.0000" scalez="0.000" visible="1" />
      <KeyFrame time="244000" scalex="0.0000" scaley="0.0000" scalez="0.000" visible="1" />
      <KeyFrame time="244020" scalex="1.0000" scaley="1.0000" scalez="0.020" visible="1" />
      <KeyFrame time="244999.99" scalex="1.0000" scaley="1.0000" scalez="1.000" visible="1" />
    </ScaleFrame>
  </Object>
  <Object path="3-胡村磡大桥\桥墩动画\4号墩\157_p_4_c_1" FileUrl="\\172.16.76.12\76.22-data-6\2_三维建模项目\2019C昌景黄GIS平台\8虚拟施工\DK66+500胡家磡大桥\3-三维场景集成\三维场景_分场景\data\157_p_4_c_1.xpl2">
    <XYZFrame count="2" sampling="Linear">
      <KeyFrame time="239000" x="117.6404327" y="29.7947178" z="118.011" />
      <KeyFrame time="244999.99" x="117.6404327" y="29.7947178" z="118.011" />
    </XYZFrame>
    <AngleFrame count="2" sampling="Linear">
      <KeyFrame time="239000" yaw="0.000" pitch="0.000" roll="0.000" />
      <KeyFrame time="244999.99" yaw="0.000" pitch="0.000" roll="0.000" />
    </AngleFrame>
    <ScaleFrame count="6" sampling="Linear">
      <KeyFrame time="239000" scalex="0.0000" scaley="0.0000" scalez="0.000" visible="1" />
      <KeyFrame time="241000" scalex="0.0000" scaley="0.0000" scalez="0.000" visible="1" />
      <KeyFrame time="241020" scalex="1.0000" scaley="1.0000" scalez="0.020" visible="1" />
      <KeyFrame time="241999.99" scalex="1.0000" scaley="1.0000" scalez="1.000" visible="1" />
      <KeyFrame time="242000.99" scalex="1.0000" scaley="1.0000" scalez="1.000" visible="1" />
      <KeyFrame time="244999.99" scalex="1.0000" scaley="1.0000" scalez="1.000" visible="1" />
    </ScaleFrame>
  </Object>
  <Object path="3-胡村磡大桥\桥墩动画\4号墩\157_p_4_1" FileUrl="\\172.16.76.12\76.22-data-6\2_三维建模项目\2019C昌景黄GIS平台\8虚拟施工\DK66+500胡家磡大桥\3-三维场景集成\三维场景_分场景\data\157_p_4_1.xpl2">
    <XYZFrame count="2" sampling="Linear">
      <KeyFrame time="239000" x="117.6404744" y="29.7947119" z="99.511" />
      <KeyFrame time="244999.99" x="117.6404744" y="29.7947119" z="99.511" />
    </XYZFrame>
    <AngleFrame count="2" sampling="Linear">
      <KeyFrame time="239000" yaw="0.000" pitch="0.000" roll="0.000" />
      <KeyFrame time="244999.99" yaw="0.000" pitch="0.000" roll="0.000" />
    </AngleFrame>
    <ScaleFrame count="5" sampling="Linear">
      <KeyFrame time="239000" scalex="0.0000" scaley="0.0000" scalez="0.000" visible="1" />
      <KeyFrame time="239020" scalex="1.0000" scaley="1.0000" scalez="0.020" visible="1" />
      <KeyFrame time="239999.99" scalex="1.0000" scaley="1.0000" scalez="1.000" visible="1" />
      <KeyFrame time="240000.99" scalex="1.0000" scaley="1.0000" scalez="1.000" visible="1" />
      <KeyFrame time="244999.99" scalex="1.0000" scaley="1.0000" scalez="1.000" visible="1" />
    </ScaleFrame>
  </Object>
  <Object path="3-胡村磡大桥\桥墩动画\4号墩\157_p_4_2" FileUrl="\\172.16.76.12\76.22-data-6\2_三维建模项目\2019C昌景黄GIS平台\8虚拟施工\DK66+500胡家磡大桥\3-三维场景集成\三维场景_分场景\data\157_p_4_2.xpl2">
    <XYZFrame count="2" sampling="Linear">
      <KeyFrame time="239000" x="117.6404525" y="29.7947239" z="99.511" />
      <KeyFrame time="244999.99" x="117.6404525" y="29.7947239" z="99.511" />
    </XYZFrame>
    <AngleFrame count="2" sampling="Linear">
      <KeyFrame time="239000" yaw="0.000" pitch="0.000" roll="0.000" />
      <KeyFrame time="244999.99" yaw="0.000" pitch="0.000" roll="0.000" />
    </AngleFrame>
    <ScaleFrame count="5" sampling="Linear">
      <KeyFrame time="239000" scalex="0.0000" scaley="0.0000" scalez="0.000" visible="1" />
      <KeyFrame time="239020" scalex="1.0000" scaley="1.0000" scalez="0.020" visible="1" />
      <KeyFrame time="239999.99" scalex="1.0000" scaley="1.0000" scalez="1.000" visible="1" />
      <KeyFrame time="240000.99" scalex="1.0000" scaley="1.0000" scalez="1.000" visible="1" />
      <KeyFrame time="244999.99" scalex="1.0000" scaley="1.0000" scalez="1.000" visible="1" />
    </ScaleFrame>
  </Object>
  <Object path="3-胡村磡大桥\桥墩动画\4号墩\157_p_4_3" FileUrl="\\172.16.76.12\76.22-data-6\2_三维建模项目\2019C昌景黄GIS平台\8虚拟施工\DK66+500胡家磡大桥\3-三维场景集成\三维场景_分场景\data\157_p_4_3.xpl2">
    <XYZFrame count="2" sampling="Linear">
      <KeyFrame time="239000" x="117.6404306" y="29.7947359" z="99.511" />
      <KeyFrame time="244999.99" x="117.6404306" y="29.7947359" z="99.511" />
    </XYZFrame>
    <AngleFrame count="2" sampling="Linear">
      <KeyFrame time="239000" yaw="0.000" pitch="0.000" roll="0.000" />
      <KeyFrame time="244999.99" yaw="0.000" pitch="0.000" roll="0.000" />
    </AngleFrame>
    <ScaleFrame count="5" sampling="Linear">
      <KeyFrame time="239000" scalex="0.0000" scaley="0.0000" scalez="0.000" visible="1" />
      <KeyFrame time="239020" scalex="1.0000" scaley="1.0000" scalez="0.020" visible="1" />
      <KeyFrame time="239999.99" scalex="1.0000" scaley="1.0000" scalez="1.000" visible="1" />
      <KeyFrame time="240000.99" scalex="1.0000" scaley="1.0000" scalez="1.000" visible="1" />
      <KeyFrame time="244999.99" scalex="1.0000" scaley="1.0000" scalez="1.000" visible="1" />
    </ScaleFrame>
  </Object>
  <Object path="3-胡村磡大桥\桥墩动画\4号墩\157_p_4_4" FileUrl="\\172.16.76.12\76.22-data-6\2_三维建模项目\2019C昌景黄GIS平台\8虚拟施工\DK66+500胡家磡大桥\3-三维场景集成\三维场景_分场景\data\157_p_4_4.xpl2">
    <XYZFrame count="2" sampling="Linear">
      <KeyFrame time="239000" x="117.6404088" y="29.7947480" z="99.511" />
      <KeyFrame time="244999.99" x="117.6404088" y="29.7947480" z="99.511" />
    </XYZFrame>
    <AngleFrame count="2" sampling="Linear">
      <KeyFrame time="239000" yaw="0.000" pitch="0.000" roll="0.000" />
      <KeyFrame time="244999.99" yaw="0.000" pitch="0.000" roll="0.000" />
    </AngleFrame>
    <ScaleFrame count="5" sampling="Linear">
      <KeyFrame time="239000" scalex="0.0000" scaley="0.0000" scalez="0.000" visible="1" />
      <KeyFrame time="239020" scalex="1.0000" scaley="1.0000" scalez="0.020" visible="1" />
      <KeyFrame time="239999.99" scalex="1.0000" scaley="1.0000" scalez="1.000" visible="1" />
      <KeyFrame time="240000.99" scalex="1.0000" scaley="1.0000" scalez="1.000" visible="1" />
      <KeyFrame time="244999.99" scalex="1.0000" scaley="1.0000" scalez="1.000" visible="1" />
    </ScaleFrame>
  </Object>
  <Object path="3-胡村磡大桥\桥墩动画\4号墩\157_p_4_5" FileUrl="\\172.16.76.12\76.22-data-6\2_三维建模项目\2019C昌景黄GIS平台\8虚拟施工\DK66+500胡家磡大桥\3-三维场景集成\三维场景_分场景\data\157_p_4_5.xpl2">
    <XYZFrame count="2" sampling="Linear">
      <KeyFrame time="239000" x="117.6404566" y="29.7946876" z="99.511" />
      <KeyFrame time="244999.99" x="117.6404566" y="29.7946876" z="99.511" />
    </XYZFrame>
    <AngleFrame count="2" sampling="Linear">
      <KeyFrame time="239000" yaw="0.000" pitch="0.000" roll="0.000" />
      <KeyFrame time="244999.99" yaw="0.000" pitch="0.000" roll="0.000" />
    </AngleFrame>
    <ScaleFrame count="5" sampling="Linear">
      <KeyFrame time="239000" scalex="0.0000" scaley="0.0000" scalez="0.000" visible="1" />
      <KeyFrame time="239020" scalex="1.0000" scaley="1.0000" scalez="0.020" visible="1" />
      <KeyFrame time="239999.99" scalex="1.0000" scaley="1.0000" scalez="1.000" visible="1" />
      <KeyFrame time="240000.99" scalex="1.0000" scaley="1.0000" scalez="1.000" visible="1" />
      <KeyFrame time="244999.99" scalex="1.0000" scaley="1.0000" scalez="1.000" visible="1" />
    </ScaleFrame>
  </Object>
  <Object path="3-胡村磡大桥\桥墩动画\4号墩\157_p_4_6" FileUrl="\\172.16.76.12\76.22-data-6\2_三维建模项目\2019C昌景黄GIS平台\8虚拟施工\DK66+500胡家磡大桥\3-三维场景集成\三维场景_分场景\data\157_p_4_6.xpl2">
    <XYZFrame count="2" sampling="Linear">
      <KeyFrame time="239000" x="117.6404348" y="29.7946996" z="99.511" />
      <KeyFrame time="244999.99" x="117.6404348" y="29.7946996" z="99.511" />
    </XYZFrame>
    <AngleFrame count="2" sampling="Linear">
      <KeyFrame time="239000" yaw="0.000" pitch="0.000" roll="0.000" />
      <KeyFrame time="244999.99" yaw="0.000" pitch="0.000" roll="0.000" />
    </AngleFrame>
    <ScaleFrame count="5" sampling="Linear">
      <KeyFrame time="239000" scalex="0.0000" scaley="0.0000" scalez="0.000" visible="1" />
      <KeyFrame time="239020" scalex="1.0000" scaley="1.0000" scalez="0.020" visible="1" />
      <KeyFrame time="239999.99" scalex="1.0000" scaley="1.0000" scalez="1.000" visible="1" />
      <KeyFrame time="240000.99" scalex="1.0000" scaley="1.0000" scalez="1.000" visible="1" />
      <KeyFrame time="244999.99" scalex="1.0000" scaley="1.0000" scalez="1.000" visible="1" />
    </ScaleFrame>
  </Object>
  <Object path="3-胡村磡大桥\桥墩动画\4号墩\157_p_4_7" FileUrl="\\172.16.76.12\76.22-data-6\2_三维建模项目\2019C昌景黄GIS平台\8虚拟施工\DK66+500胡家磡大桥\3-三维场景集成\三维场景_分场景\data\157_p_4_7.xpl2">
    <XYZFrame count="2" sampling="Linear">
      <KeyFrame time="239000" x="117.6404129" y="29.7947117" z="99.511" />
      <KeyFrame time="244999.99" x="117.6404129" y="29.7947117" z="99.511" />
    </XYZFrame>
    <AngleFrame count="2" sampling="Linear">
      <KeyFrame time="239000" yaw="0.000" pitch="0.000" roll="0.000" />
      <KeyFrame time="244999.99" yaw="0.000" pitch="0.000" roll="0.000" />
    </AngleFrame>
    <ScaleFrame count="5" sampling="Linear">
      <KeyFrame time="239000" scalex="0.0000" scaley="0.0000" scalez="0.000" visible="1" />
      <KeyFrame time="239020" scalex="1.0000" scaley="1.0000" scalez="0.020" visible="1" />
      <KeyFrame time="239999.99" scalex="1.0000" scaley="1.0000" scalez="1.000" visible="1" />
      <KeyFrame time="240000.99" scalex="1.0000" scaley="1.0000" scalez="1.000" visible="1" />
      <KeyFrame time="244999.99" scalex="1.0000" scaley="1.0000" scalez="1.000" visible="1" />
    </ScaleFrame>
  </Object>
  <Object path="3-胡村磡大桥\桥墩动画\4号墩\157_p_4_8" FileUrl="\\172.16.76.12\76.22-data-6\2_三维建模项目\2019C昌景黄GIS平台\8虚拟施工\DK66+500胡家磡大桥\3-三维场景集成\三维场景_分场景\data\157_p_4_8.xpl2">
    <XYZFrame count="2" sampling="Linear">
      <KeyFrame time="239000" x="117.6403910" y="29.7947237" z="99.511" />
      <KeyFrame time="244999.99" x="117.6403910" y="29.7947237" z="99.511" />
    </XYZFrame>
    <AngleFrame count="2" sampling="Linear">
      <KeyFrame time="239000" yaw="0.000" pitch="0.000" roll="0.000" />
      <KeyFrame time="244999.99" yaw="0.000" pitch="0.000" roll="0.000" />
    </AngleFrame>
    <ScaleFrame count="5" sampling="Linear">
      <KeyFrame time="239000" scalex="0.0000" scaley="0.0000" scalez="0.000" visible="1" />
      <KeyFrame time="239020" scalex="1.0000" scaley="1.0000" scalez="0.020" visible="1" />
      <KeyFrame time="239999.99" scalex="1.0000" scaley="1.0000" scalez="1.000" visible="1" />
      <KeyFrame time="240000.99" scalex="1.0000" scaley="1.0000" scalez="1.000" visible="1" />
      <KeyFrame time="244999.99" scalex="1.0000" scaley="1.0000" scalez="1.000" visible="1" />
    </ScaleFrame>
  </Object>  
  <Object path="3-胡村磡大桥\桥墩动画\4号墩\4号墩D1" FileUrl="\\172.16.76.12\76.22-data-6\2_三维建模项目\2019C昌景黄GIS平台\8虚拟施工\DK66+500胡家磡大桥\3-三维场景集成\三维场景_分场景\动画成果\3-桥墩\xpl2\4号墩D1.xpl2">
    <XYZFrame count="2" sampling="Linear">
      <KeyFrame time="239000" x="117.6404344" y="29.7947183" z="118.001" />
      <KeyFrame time="244999.99" x="117.6404344" y="29.7947183" z="118.001" />
    </XYZFrame>
    <AngleFrame count="2" sampling="Linear">
      <KeyFrame time="239000" yaw="-1.000" pitch="0.000" roll="0.000" />
      <KeyFrame time="244999.99" yaw="-1.000" pitch="0.000" roll="0.000" />
    </AngleFrame>
    <ScaleFrame count="10" sampling="Linear">
      <KeyFrame time="239000" scalex="0.0000" scaley="0.0000" scalez="0.000" visible="1" />
      <KeyFrame time="239999.99" scalex="0.0000" scaley="0.0000" scalez="0.000" visible="1" />
      <KeyFrame time="240000.99" scalex="1.0000" scaley="1.0000" scalez="0.990" visible="1" />
      <KeyFrame time="240001" scalex="1.0000" scaley="1.0000" scalez="1.000" visible="1" />
      <KeyFrame time="240999.99" scalex="1.0000" scaley="1.0000" scalez="0.000" visible="1" />
      <KeyFrame time="241000" scalex="0.0000" scaley="0.0000" scalez="0.000" visible="1" />
      <KeyFrame time="241999.99" scalex="0.0000" scaley="0.0000" scalez="0.000" visible="1" />
      <KeyFrame time="242000.99" scalex="1.0000" scaley="1.0000" scalez="0.990" visible="1" />
      <KeyFrame time="242001" scalex="1.0000" scaley="1.0000" scalez="1.000" visible="1" />
      <KeyFrame time="244999.99" scalex="1.0000" scaley="1.0000" scalez="1.000" visible="1" />
    </ScaleFrame>
  </Object>
</MovieByFrames>