<?xml version="1.0" encoding="utf-8"?>
<MovieByFrames>
  <Object path="3-胡村磡大桥\桥墩动画\5号墩\157_p_5_b_1" FileUrl="\\172.16.76.12\76.22-data-6\2_三维建模项目\2019C昌景黄GIS平台\8虚拟施工\DK66+500胡家磡大桥\3-三维场景集成\三维场景_分场景\data\157_p_5_b_1.xpl2">
    <XYZFrame count="2" sampling="Linear">
      <KeyFrame time="239000" x="117.6402513" y="29.7944689" z="119.847" />
      <KeyFrame time="244999.99" x="117.6402513" y="29.7944689" z="119.847" />
    </XYZFrame>
    <AngleFrame count="2" sampling="Linear">
      <KeyFrame time="239000" yaw="0.000" pitch="0.000" roll="0.000" />
      <KeyFrame time="244999.99" yaw="0.000" pitch="0.000" roll="0.000" />
    </AngleFrame>
    <ScaleFrame count="5" sampling="Linear">
      <KeyFrame time="239000" scalex="0.0000" scaley="0.0000" scalez="0.000" visible="1" />
      <KeyFrame time="242001" scalex="0.0000" scaley="0.0000" scalez="0.000" visible="1" />
      <KeyFrame time="242021" scalex="1.0000" scaley="1.0000" scalez="0.020" visible="1" />
      <KeyFrame time="243000" scalex="1.0000" scaley="1.0000" scalez="1.000" visible="1" />
      <KeyFrame time="244999.99" scalex="1.0000" scaley="1.0000" scalez="1.000" visible="1" />
    </ScaleFrame>
  </Object>
  <Object path="3-胡村磡大桥\桥墩动画\5号墩\157_p_5_b_2" FileUrl="\\172.16.76.12\76.22-data-6\2_三维建模项目\2019C昌景黄GIS平台\8虚拟施工\DK66+500胡家磡大桥\3-三维场景集成\三维场景_分场景\data\157_p_5_b_2.xpl2">
    <XYZFrame count="2" sampling="Linear">
      <KeyFrame time="239000" x="117.6402513" y="29.7944689" z="132.347" />
      <KeyFrame time="244999.99" x="117.6402513" y="29.7944689" z="132.347" />
    </XYZFrame>
    <AngleFrame count="2" sampling="Linear">
      <KeyFrame time="239000" yaw="0.000" pitch="0.000" roll="0.000" />
      <KeyFrame time="244999.99" yaw="0.000" pitch="0.000" roll="0.000" />
    </AngleFrame>
    <ScaleFrame count="5" sampling="Linear">
      <KeyFrame time="239000" scalex="0.0000" scaley="0.0000" scalez="0.000" visible="1" />
      <KeyFrame time="243000" scalex="0.0000" scaley="0.0000" scalez="0.000" visible="1" />
      <KeyFrame time="243020" scalex="1.0000" scaley="1.0000" scalez="0.020" visible="1" />
      <KeyFrame time="244000" scalex="1.0000" scaley="1.0000" scalez="1.000" visible="1" />
      <KeyFrame time="244999.99" scalex="1.0000" scaley="1.0000" scalez="1.000" visible="1" />
    </ScaleFrame>
  </Object>
  <Object path="3-胡村磡大桥\桥墩动画\5号墩\157_p_5_ds" FileUrl="\\172.16.76.12\76.22-data-6\2_三维建模项目\2019C昌景黄GIS平台\8虚拟施工\DK66+500胡家磡大桥\3-三维场景集成\三维场景_分场景\data\157_p_5_ds.xpl2">
    <XYZFrame count="2" sampling="Linear">
      <KeyFrame time="239000" x="117.6402513" y="29.7944689" z="135.347" />
      <KeyFrame time="244999.99" x="117.6402513" y="29.7944689" z="135.347" />
    </XYZFrame>
    <AngleFrame count="2" sampling="Linear">
      <KeyFrame time="239000" yaw="0.000" pitch="0.000" roll="0.000" />
      <KeyFrame time="244999.99" yaw="0.000" pitch="0.000" roll="0.000" />
    </AngleFrame>
    <ScaleFrame count="4" sampling="Linear">
      <KeyFrame time="239000" scalex="0.0000" scaley="0.0000" scalez="0.000" visible="1" />
      <KeyFrame time="244000" scalex="0.0000" scaley="0.0000" scalez="0.000" visible="1" />
      <KeyFrame time="244020" scalex="1.0000" scaley="1.0000" scalez="0.020" visible="1" />
      <KeyFrame time="244999.99" scalex="1.0000" scaley="1.0000" scalez="1.000" visible="1" />
    </ScaleFrame>
  </Object>
  <Object path="3-胡村磡大桥\桥墩动画\5号墩\157_p_5_c_1" FileUrl="\\172.16.76.12\76.22-data-6\2_三维建模项目\2019C昌景黄GIS平台\8虚拟施工\DK66+500胡家磡大桥\3-三维场景集成\三维场景_分场景\data\157_p_5_c_1.xpl2">
    <XYZFrame count="2" sampling="Linear">
      <KeyFrame time="239000" x="117.6402513" y="29.7944689" z="117.847" />
      <KeyFrame time="244999.99" x="117.6402513" y="29.7944689" z="117.847" />
    </XYZFrame>
    <AngleFrame count="2" sampling="Linear">
      <KeyFrame time="239000" yaw="0.000" pitch="0.000" roll="0.000" />
      <KeyFrame time="244999.99" yaw="0.000" pitch="0.000" roll="0.000" />
    </AngleFrame>
    <ScaleFrame count="6" sampling="Linear">
      <KeyFrame time="239000" scalex="0.0000" scaley="0.0000" scalez="0.000" visible="1" />
      <KeyFrame time="241000" scalex="0.0000" scaley="0.0000" scalez="0.000" visible="1" />
      <KeyFrame time="241020" scalex="1.0000" scaley="1.0000" scalez="0.020" visible="1" />
      <KeyFrame time="241999.99" scalex="1.0000" scaley="1.0000" scalez="1.000" visible="1" />
      <KeyFrame time="242000.99" scalex="1.0000" scaley="1.0000" scalez="1.000" visible="1" />
      <KeyFrame time="244999.99" scalex="1.0000" scaley="1.0000" scalez="1.000" visible="1" />
    </ScaleFrame>
  </Object>
  <Object path="3-胡村磡大桥\桥墩动画\5号墩\157_p_5_1" FileUrl="\\172.16.76.12\76.22-data-6\2_三维建模项目\2019C昌景黄GIS平台\8虚拟施工\DK66+500胡家磡大桥\3-三维场景集成\三维场景_分场景\data\157_p_5_1.xpl2">
    <XYZFrame count="2" sampling="Linear">
      <KeyFrame time="239000" x="117.6402930" y="29.7944631" z="97.847" />
      <KeyFrame time="244999.99" x="117.6402930" y="29.7944631" z="97.847" />
    </XYZFrame>
    <AngleFrame count="2" sampling="Linear">
      <KeyFrame time="239000" yaw="0.000" pitch="0.000" roll="0.000" />
      <KeyFrame time="244999.99" yaw="0.000" pitch="0.000" roll="0.000" />
    </AngleFrame>
    <ScaleFrame count="5" sampling="Linear">
      <KeyFrame time="239000" scalex="0.0000" scaley="0.0000" scalez="0.000" visible="1" />
      <KeyFrame time="239020" scalex="1.0000" scaley="1.0000" scalez="0.020" visible="1" />
      <KeyFrame time="239999.99" scalex="1.0000" scaley="1.0000" scalez="1.000" visible="1" />
      <KeyFrame time="240000.99" scalex="1.0000" scaley="1.0000" scalez="1.000" visible="1" />
      <KeyFrame time="244999.99" scalex="1.0000" scaley="1.0000" scalez="1.000" visible="1" />
    </ScaleFrame>
  </Object>
  <Object path="3-胡村磡大桥\桥墩动画\5号墩\157_p_5_2" FileUrl="\\172.16.76.12\76.22-data-6\2_三维建模项目\2019C昌景黄GIS平台\8虚拟施工\DK66+500胡家磡大桥\3-三维场景集成\三维场景_分场景\data\157_p_5_2.xpl2">
    <XYZFrame count="2" sampling="Linear">
      <KeyFrame time="239000" x="117.6402711" y="29.7944750" z="97.847" />
      <KeyFrame time="244999.99" x="117.6402711" y="29.7944750" z="97.847" />
    </XYZFrame>
    <AngleFrame count="2" sampling="Linear">
      <KeyFrame time="239000" yaw="0.000" pitch="0.000" roll="0.000" />
      <KeyFrame time="244999.99" yaw="0.000" pitch="0.000" roll="0.000" />
    </AngleFrame>
    <ScaleFrame count="5" sampling="Linear">
      <KeyFrame time="239000" scalex="0.0000" scaley="0.0000" scalez="0.000" visible="1" />
      <KeyFrame time="239020" scalex="1.0000" scaley="1.0000" scalez="0.020" visible="1" />
      <KeyFrame time="239999.99" scalex="1.0000" scaley="1.0000" scalez="1.000" visible="1" />
      <KeyFrame time="240000.99" scalex="1.0000" scaley="1.0000" scalez="1.000" visible="1" />
      <KeyFrame time="244999.99" scalex="1.0000" scaley="1.0000" scalez="1.000" visible="1" />
    </ScaleFrame>
  </Object>
  <Object path="3-胡村磡大桥\桥墩动画\5号墩\157_p_5_3" FileUrl="\\172.16.76.12\76.22-data-6\2_三维建模项目\2019C昌景黄GIS平台\8虚拟施工\DK66+500胡家磡大桥\3-三维场景集成\三维场景_分场景\data\157_p_5_3.xpl2">
    <XYZFrame count="2" sampling="Linear">
      <KeyFrame time="239000" x="117.6402492" y="29.7944870" z="97.847" />
      <KeyFrame time="244999.99" x="117.6402492" y="29.7944870" z="97.847" />
    </XYZFrame>
    <AngleFrame count="2" sampling="Linear">
      <KeyFrame time="239000" yaw="0.000" pitch="0.000" roll="0.000" />
      <KeyFrame time="244999.99" yaw="0.000" pitch="0.000" roll="0.000" />
    </AngleFrame>
    <ScaleFrame count="5" sampling="Linear">
      <KeyFrame time="239000" scalex="0.0000" scaley="0.0000" scalez="0.000" visible="1" />
      <KeyFrame time="239020" scalex="1.0000" scaley="1.0000" scalez="0.020" visible="1" />
      <KeyFrame time="239999.99" scalex="1.0000" scaley="1.0000" scalez="1.000" visible="1" />
      <KeyFrame time="240000.99" scalex="1.0000" scaley="1.0000" scalez="1.000" visible="1" />
      <KeyFrame time="244999.99" scalex="1.0000" scaley="1.0000" scalez="1.000" visible="1" />
    </ScaleFrame>
  </Object>
  <Object path="3-胡村磡大桥\桥墩动画\5号墩\157_p_5_4" FileUrl="\\172.16.76.12\76.22-data-6\2_三维建模项目\2019C昌景黄GIS平台\8虚拟施工\DK66+500胡家磡大桥\3-三维场景集成\三维场景_分场景\data\157_p_5_4.xpl2">
    <XYZFrame count="2" sampling="Linear">
      <KeyFrame time="239000" x="117.6402273" y="29.7944990" z="97.847" />
      <KeyFrame time="244999.99" x="117.6402273" y="29.7944990" z="97.847" />
    </XYZFrame>
    <AngleFrame count="2" sampling="Linear">
      <KeyFrame time="239000" yaw="0.000" pitch="0.000" roll="0.000" />
      <KeyFrame time="244999.99" yaw="0.000" pitch="0.000" roll="0.000" />
    </AngleFrame>
    <ScaleFrame count="5" sampling="Linear">
      <KeyFrame time="239000" scalex="0.0000" scaley="0.0000" scalez="0.000" visible="1" />
      <KeyFrame time="239020" scalex="1.0000" scaley="1.0000" scalez="0.020" visible="1" />
      <KeyFrame time="239999.99" scalex="1.0000" scaley="1.0000" scalez="1.000" visible="1" />
      <KeyFrame time="240000.99" scalex="1.0000" scaley="1.0000" scalez="1.000" visible="1" />
      <KeyFrame time="244999.99" scalex="1.0000" scaley="1.0000" scalez="1.000" visible="1" />
    </ScaleFrame>
  </Object>
  <Object path="3-胡村磡大桥\桥墩动画\5号墩\157_p_5_5" FileUrl="\\172.16.76.12\76.22-data-6\2_三维建模项目\2019C昌景黄GIS平台\8虚拟施工\DK66+500胡家磡大桥\3-三维场景集成\三维场景_分场景\data\157_p_5_5.xpl2">
    <XYZFrame count="2" sampling="Linear">
      <KeyFrame time="239000" x="117.6402753" y="29.7944387" z="97.847" />
      <KeyFrame time="244999.99" x="117.6402753" y="29.7944387" z="97.847" />
    </XYZFrame>
    <AngleFrame count="2" sampling="Linear">
      <KeyFrame time="239000" yaw="0.000" pitch="0.000" roll="0.000" />
      <KeyFrame time="244999.99" yaw="0.000" pitch="0.000" roll="0.000" />
    </AngleFrame>
    <ScaleFrame count="5" sampling="Linear">
      <KeyFrame time="239000" scalex="0.0000" scaley="0.0000" scalez="0.000" visible="1" />
      <KeyFrame time="239020" scalex="1.0000" scaley="1.0000" scalez="0.020" visible="1" />
      <KeyFrame time="239999.99" scalex="1.0000" scaley="1.0000" scalez="1.000" visible="1" />
      <KeyFrame time="240000.99" scalex="1.0000" scaley="1.0000" scalez="1.000" visible="1" />
      <KeyFrame time="244999.99" scalex="1.0000" scaley="1.0000" scalez="1.000" visible="1" />
    </ScaleFrame>
  </Object>
  <Object path="3-胡村磡大桥\桥墩动画\5号墩\157_p_5_6" FileUrl="\\172.16.76.12\76.22-data-6\2_三维建模项目\2019C昌景黄GIS平台\8虚拟施工\DK66+500胡家磡大桥\3-三维场景集成\三维场景_分场景\data\157_p_5_6.xpl2">
    <XYZFrame count="2" sampling="Linear">
      <KeyFrame time="239000" x="117.6402534" y="29.7944507" z="97.847" />
      <KeyFrame time="244999.99" x="117.6402534" y="29.7944507" z="97.847" />
    </XYZFrame>
    <AngleFrame count="2" sampling="Linear">
      <KeyFrame time="239000" yaw="0.000" pitch="0.000" roll="0.000" />
      <KeyFrame time="244999.99" yaw="0.000" pitch="0.000" roll="0.000" />
    </AngleFrame>
    <ScaleFrame count="5" sampling="Linear">
      <KeyFrame time="239000" scalex="0.0000" scaley="0.0000" scalez="0.000" visible="1" />
      <KeyFrame time="239020" scalex="1.0000" scaley="1.0000" scalez="0.020" visible="1" />
      <KeyFrame time="239999.99" scalex="1.0000" scaley="1.0000" scalez="1.000" visible="1" />
      <KeyFrame time="240000.99" scalex="1.0000" scaley="1.0000" scalez="1.000" visible="1" />
      <KeyFrame time="244999.99" scalex="1.0000" scaley="1.0000" scalez="1.000" visible="1" />
    </ScaleFrame>
  </Object>
  <Object path="3-胡村磡大桥\桥墩动画\5号墩\157_p_5_7" FileUrl="\\172.16.76.12\76.22-data-6\2_三维建模项目\2019C昌景黄GIS平台\8虚拟施工\DK66+500胡家磡大桥\3-三维场景集成\三维场景_分场景\data\157_p_5_7.xpl2">
    <XYZFrame count="2" sampling="Linear">
      <KeyFrame time="239000" x="117.6402315" y="29.7944627" z="97.847" />
      <KeyFrame time="244999.99" x="117.6402315" y="29.7944627" z="97.847" />
    </XYZFrame>
    <AngleFrame count="2" sampling="Linear">
      <KeyFrame time="239000" yaw="0.000" pitch="0.000" roll="0.000" />
      <KeyFrame time="244999.99" yaw="0.000" pitch="0.000" roll="0.000" />
    </AngleFrame>
    <ScaleFrame count="5" sampling="Linear">
      <KeyFrame time="239000" scalex="0.0000" scaley="0.0000" scalez="0.000" visible="1" />
      <KeyFrame time="239020" scalex="1.0000" scaley="1.0000" scalez="0.020" visible="1" />
      <KeyFrame time="239999.99" scalex="1.0000" scaley="1.0000" scalez="1.000" visible="1" />
      <KeyFrame time="240000.99" scalex="1.0000" scaley="1.0000" scalez="1.000" visible="1" />
      <KeyFrame time="244999.99" scalex="1.0000" scaley="1.0000" scalez="1.000" visible="1" />
    </ScaleFrame>
  </Object>
  <Object path="3-胡村磡大桥\桥墩动画\5号墩\157_p_5_8" FileUrl="\\172.16.76.12\76.22-data-6\2_三维建模项目\2019C昌景黄GIS平台\8虚拟施工\DK66+500胡家磡大桥\3-三维场景集成\三维场景_分场景\data\157_p_5_8.xpl2">
    <XYZFrame count="2" sampling="Linear">
      <KeyFrame time="239000" x="117.6402096" y="29.7944747" z="97.847" />
      <KeyFrame time="244999.99" x="117.6402096" y="29.7944747" z="97.847" />
    </XYZFrame>
    <AngleFrame count="2" sampling="Linear">
      <KeyFrame time="239000" yaw="0.000" pitch="0.000" roll="0.000" />
      <KeyFrame time="244999.99" yaw="0.000" pitch="0.000" roll="0.000" />
    </AngleFrame>
    <ScaleFrame count="5" sampling="Linear">
      <KeyFrame time="239000" scalex="0.0000" scaley="0.0000" scalez="0.000" visible="1" />
      <KeyFrame time="239020" scalex="1.0000" scaley="1.0000" scalez="0.020" visible="1" />
      <KeyFrame time="239999.99" scalex="1.0000" scaley="1.0000" scalez="1.000" visible="1" />
      <KeyFrame time="240000.99" scalex="1.0000" scaley="1.0000" scalez="1.000" visible="1" />
      <KeyFrame time="244999.99" scalex="1.0000" scaley="1.0000" scalez="1.000" visible="1" />
    </ScaleFrame>
  </Object>  
  <Object path="3-胡村磡大桥\桥墩动画\5号墩\5号墩D1" FileUrl="\\172.16.76.12\76.22-data-6\2_三维建模项目\2019C昌景黄GIS平台\8虚拟施工\DK66+500胡家磡大桥\3-三维场景集成\三维场景_分场景\动画成果\3-桥墩\xpl2\5号墩D1.xpl2">
    <XYZFrame count="2" sampling="Linear">
      <KeyFrame time="239000" x="117.6402551" y="29.7944663" z="117.780" />
      <KeyFrame time="244999.99" x="117.6402551" y="29.7944663" z="117.780" />
    </XYZFrame>
    <AngleFrame count="2" sampling="Linear">
      <KeyFrame time="239000" yaw="-1.000" pitch="0.000" roll="0.000" />
      <KeyFrame time="244999.99" yaw="-1.000" pitch="0.000" roll="0.000" />
    </AngleFrame>
    <ScaleFrame count="10" sampling="Linear">
      <KeyFrame time="239000" scalex="0.0000" scaley="0.0000" scalez="0.000" visible="1" />
      <KeyFrame time="239999.99" scalex="0.0000" scaley="0.0000" scalez="0.000" visible="1" />
      <KeyFrame time="240000.99" scalex="1.0000" scaley="1.0000" scalez="0.990" visible="1" />
      <KeyFrame time="240001" scalex="1.0000" scaley="1.0000" scalez="1.000" visible="1" />
      <KeyFrame time="240999.99" scalex="1.0000" scaley="1.0000" scalez="0.000" visible="1" />
      <KeyFrame time="241000" scalex="0.0000" scaley="0.0000" scalez="0.000" visible="1" />
      <KeyFrame time="241999.99" scalex="0.0000" scaley="0.0000" scalez="0.000" visible="1" />
      <KeyFrame time="242000.99" scalex="1.0000" scaley="1.0000" scalez="0.990" visible="1" />
      <KeyFrame time="242001" scalex="1.0000" scaley="1.0000" scalez="1.000" visible="1" />
      <KeyFrame time="244999.99" scalex="1.0000" scaley="1.0000" scalez="1.000" visible="1" />
    </ScaleFrame>
  </Object>
</MovieByFrames>