<?xml version="1.0" encoding="utf-8"?>
<MovieByFrames>
  <Object path="3-胡村磡大桥\桥墩动画\2号墩\157_p_2_1" FileUrl="\\172.16.76.12\76.22-data-6\2_三维建模项目\2019C昌景黄GIS平台\8虚拟施工\DK66+500胡家磡大桥\3-三维场景集成\三维场景_分场景\data\157_p_2_1.xpl2">
    <XYZFrame count="2" sampling="Linear">
      <KeyFrame time="239000" x="117.6408163" y="29.7952414" z="104.015" />
      <KeyFrame time="245999.99" x="117.6408163" y="29.7952414" z="104.015" />
    </XYZFrame>
    <AngleFrame count="2" sampling="Linear">
      <KeyFrame time="239000" yaw="0.000" pitch="0.000" roll="0.000" />
      <KeyFrame time="245999.99" yaw="0.000" pitch="0.000" roll="0.000" />
    </AngleFrame>
    <ScaleFrame count="5" sampling="Linear">
      <KeyFrame time="239000" scalex="0.0000" scaley="0.0000" scalez="0.000" visible="1" />
      <KeyFrame time="239020" scalex="1.0000" scaley="1.0000" scalez="0.020" visible="1" />
      <KeyFrame time="239999.99" scalex="1.0000" scaley="1.0000" scalez="1.000" visible="1" />
      <KeyFrame time="240000.99" scalex="1.0000" scaley="1.0000" scalez="1.000" visible="1" />
      <KeyFrame time="245999.99" scalex="1.0000" scaley="1.0000" scalez="1.000" visible="1" />
    </ScaleFrame>
  </Object>
  <Object path="3-胡村磡大桥\桥墩动画\2号墩\157_p_2_2" FileUrl="\\172.16.76.12\76.22-data-6\2_三维建模项目\2019C昌景黄GIS平台\8虚拟施工\DK66+500胡家磡大桥\3-三维场景集成\三维场景_分场景\data\157_p_2_2.xpl2">
    <XYZFrame count="2" sampling="Linear">
      <KeyFrame time="239000" x="117.6407887" y="29.7952338" z="104.015" />
      <KeyFrame time="245999.99" x="117.6407887" y="29.7952338" z="104.015" />
    </XYZFrame>
    <AngleFrame count="2" sampling="Linear">
      <KeyFrame time="239000" yaw="0.000" pitch="0.000" roll="0.000" />
      <KeyFrame time="245999.99" yaw="0.000" pitch="0.000" roll="0.000" />
    </AngleFrame>
    <ScaleFrame count="5" sampling="Linear">
      <KeyFrame time="239000" scalex="0.0000" scaley="0.0000" scalez="0.000" visible="1" />
      <KeyFrame time="239020" scalex="1.0000" scaley="1.0000" scalez="0.020" visible="1" />
      <KeyFrame time="239999.99" scalex="1.0000" scaley="1.0000" scalez="1.000" visible="1" />
      <KeyFrame time="240000.99" scalex="1.0000" scaley="1.0000" scalez="1.000" visible="1" />
      <KeyFrame time="245999.99" scalex="1.0000" scaley="1.0000" scalez="1.000" visible="1" />
    </ScaleFrame>
  </Object>
  <Object path="3-胡村磡大桥\桥墩动画\2号墩\157_p_2_3" FileUrl="\\172.16.76.12\76.22-data-6\2_三维建模项目\2019C昌景黄GIS平台\8虚拟施工\DK66+500胡家磡大桥\3-三维场景集成\三维场景_分场景\data\157_p_2_3.xpl2">
    <XYZFrame count="2" sampling="Linear">
      <KeyFrame time="239000" x="117.6407611" y="29.7952261" z="104.015" />
      <KeyFrame time="245999.99" x="117.6407611" y="29.7952261" z="104.015" />
    </XYZFrame>
    <AngleFrame count="2" sampling="Linear">
      <KeyFrame time="239000" yaw="0.000" pitch="0.000" roll="0.000" />
      <KeyFrame time="245999.99" yaw="0.000" pitch="0.000" roll="0.000" />
    </AngleFrame>
    <ScaleFrame count="5" sampling="Linear">
      <KeyFrame time="239000" scalex="0.0000" scaley="0.0000" scalez="0.000" visible="1" />
      <KeyFrame time="239020" scalex="1.0000" scaley="1.0000" scalez="0.020" visible="1" />
      <KeyFrame time="239999.99" scalex="1.0000" scaley="1.0000" scalez="1.000" visible="1" />
      <KeyFrame time="240000.99" scalex="1.0000" scaley="1.0000" scalez="1.000" visible="1" />
      <KeyFrame time="245999.99" scalex="1.0000" scaley="1.0000" scalez="1.000" visible="1" />
    </ScaleFrame>
  </Object>
  <Object path="3-胡村磡大桥\桥墩动画\2号墩\157_p_2_4" FileUrl="\\172.16.76.12\76.22-data-6\2_三维建模项目\2019C昌景黄GIS平台\8虚拟施工\DK66+500胡家磡大桥\3-三维场景集成\三维场景_分场景\data\157_p_2_4.xpl2">
    <XYZFrame count="2" sampling="Linear">
      <KeyFrame time="239000" x="117.6408091" y="29.7952196" z="104.015" />
      <KeyFrame time="245999.99" x="117.6408091" y="29.7952196" z="104.015" />
    </XYZFrame>
    <AngleFrame count="2" sampling="Linear">
      <KeyFrame time="239000" yaw="0.000" pitch="0.000" roll="0.000" />
      <KeyFrame time="245999.99" yaw="0.000" pitch="0.000" roll="0.000" />
    </AngleFrame>
    <ScaleFrame count="5" sampling="Linear">
      <KeyFrame time="239000" scalex="0.0000" scaley="0.0000" scalez="0.000" visible="1" />
      <KeyFrame time="239020" scalex="1.0000" scaley="1.0000" scalez="0.020" visible="1" />
      <KeyFrame time="239999.99" scalex="1.0000" scaley="1.0000" scalez="1.000" visible="1" />
      <KeyFrame time="240000.99" scalex="1.0000" scaley="1.0000" scalez="1.000" visible="1" />
      <KeyFrame time="245999.99" scalex="1.0000" scaley="1.0000" scalez="1.000" visible="1" />
    </ScaleFrame>
  </Object>
  <Object path="3-胡村磡大桥\桥墩动画\2号墩\157_p_2_5" FileUrl="\\172.16.76.12\76.22-data-6\2_三维建模项目\2019C昌景黄GIS平台\8虚拟施工\DK66+500胡家磡大桥\3-三维场景集成\三维场景_分场景\data\157_p_2_5.xpl2">
    <XYZFrame count="2" sampling="Linear">
      <KeyFrame time="239000" x="117.6407815" y="29.7952120" z="104.015" />
      <KeyFrame time="245999.99" x="117.6407815" y="29.7952120" z="104.015" />
    </XYZFrame>
    <AngleFrame count="2" sampling="Linear">
      <KeyFrame time="239000" yaw="0.000" pitch="0.000" roll="0.000" />
      <KeyFrame time="245999.99" yaw="0.000" pitch="0.000" roll="0.000" />
    </AngleFrame>
    <ScaleFrame count="5" sampling="Linear">
      <KeyFrame time="239000" scalex="0.0000" scaley="0.0000" scalez="0.000" visible="1" />
      <KeyFrame time="239020" scalex="1.0000" scaley="1.0000" scalez="0.020" visible="1" />
      <KeyFrame time="239999.99" scalex="1.0000" scaley="1.0000" scalez="1.000" visible="1" />
      <KeyFrame time="240000.99" scalex="1.0000" scaley="1.0000" scalez="1.000" visible="1" />
      <KeyFrame time="245999.99" scalex="1.0000" scaley="1.0000" scalez="1.000" visible="1" />
    </ScaleFrame>
  </Object>
  <Object path="3-胡村磡大桥\桥墩动画\2号墩\157_p_2_6" FileUrl="\\172.16.76.12\76.22-data-6\2_三维建模项目\2019C昌景黄GIS平台\8虚拟施工\DK66+500胡家磡大桥\3-三维场景集成\三维场景_分场景\data\157_p_2_6.xpl2">
    <XYZFrame count="2" sampling="Linear">
      <KeyFrame time="239000" x="117.6408295" y="29.7952055" z="104.015" />
      <KeyFrame time="245999.99" x="117.6408295" y="29.7952055" z="104.015" />
    </XYZFrame>
    <AngleFrame count="2" sampling="Linear">
      <KeyFrame time="239000" yaw="0.000" pitch="0.000" roll="0.000" />
      <KeyFrame time="245999.99" yaw="0.000" pitch="0.000" roll="0.000" />
    </AngleFrame>
    <ScaleFrame count="5" sampling="Linear">
      <KeyFrame time="239000" scalex="0.0000" scaley="0.0000" scalez="0.000" visible="1" />
      <KeyFrame time="239020" scalex="1.0000" scaley="1.0000" scalez="0.020" visible="1" />
      <KeyFrame time="239999.99" scalex="1.0000" scaley="1.0000" scalez="1.000" visible="1" />
      <KeyFrame time="240000.99" scalex="1.0000" scaley="1.0000" scalez="1.000" visible="1" />
      <KeyFrame time="245999.99" scalex="1.0000" scaley="1.0000" scalez="1.000" visible="1" />
    </ScaleFrame>
  </Object>
  <Object path="3-胡村磡大桥\桥墩动画\2号墩\157_p_2_7" FileUrl="\\172.16.76.12\76.22-data-6\2_三维建模项目\2019C昌景黄GIS平台\8虚拟施工\DK66+500胡家磡大桥\3-三维场景集成\三维场景_分场景\data\157_p_2_7.xpl2">
    <XYZFrame count="2" sampling="Linear">
      <KeyFrame time="239000" x="117.6408019" y="29.7951978" z="104.015" />
      <KeyFrame time="245999.99" x="117.6408019" y="29.7951978" z="104.015" />
    </XYZFrame>
    <AngleFrame count="2" sampling="Linear">
      <KeyFrame time="239000" yaw="0.000" pitch="0.000" roll="0.000" />
      <KeyFrame time="245999.99" yaw="0.000" pitch="0.000" roll="0.000" />
    </AngleFrame>
    <ScaleFrame count="5" sampling="Linear">
      <KeyFrame time="239000" scalex="0.0000" scaley="0.0000" scalez="0.000" visible="1" />
      <KeyFrame time="239020" scalex="1.0000" scaley="1.0000" scalez="0.020" visible="1" />
      <KeyFrame time="239999.99" scalex="1.0000" scaley="1.0000" scalez="1.000" visible="1" />
      <KeyFrame time="240000.99" scalex="1.0000" scaley="1.0000" scalez="1.000" visible="1" />
      <KeyFrame time="245999.99" scalex="1.0000" scaley="1.0000" scalez="1.000" visible="1" />
    </ScaleFrame>
  </Object>
  <Object path="3-胡村磡大桥\桥墩动画\2号墩\157_p_2_8" FileUrl="\\172.16.76.12\76.22-data-6\2_三维建模项目\2019C昌景黄GIS平台\8虚拟施工\DK66+500胡家磡大桥\3-三维场景集成\三维场景_分场景\data\157_p_2_8.xpl2">
    <XYZFrame count="2" sampling="Linear">
      <KeyFrame time="239000" x="117.6407743" y="29.7951902" z="104.015" />
      <KeyFrame time="245999.99" x="117.6407743" y="29.7951902" z="104.015" />
    </XYZFrame>
    <AngleFrame count="2" sampling="Linear">
      <KeyFrame time="239000" yaw="0.000" pitch="0.000" roll="0.000" />
      <KeyFrame time="245999.99" yaw="0.000" pitch="0.000" roll="0.000" />
    </AngleFrame>
    <ScaleFrame count="5" sampling="Linear">
      <KeyFrame time="239000" scalex="0.0000" scaley="0.0000" scalez="0.000" visible="1" />
      <KeyFrame time="239020" scalex="1.0000" scaley="1.0000" scalez="0.020" visible="1" />
      <KeyFrame time="239999.99" scalex="1.0000" scaley="1.0000" scalez="1.000" visible="1" />
      <KeyFrame time="240000.99" scalex="1.0000" scaley="1.0000" scalez="1.000" visible="1" />
      <KeyFrame time="245999.99" scalex="1.0000" scaley="1.0000" scalez="1.000" visible="1" />
    </ScaleFrame>
  </Object>
  <Object path="3-胡村磡大桥\桥墩动画\2号墩\157_p_2_c_1" FileUrl="\\172.16.76.12\76.22-data-6\2_三维建模项目\2019C昌景黄GIS平台\8虚拟施工\DK66+500胡家磡大桥\3-三维场景集成\三维场景_分场景\data\157_p_2_c_1.xpl2">
    <XYZFrame count="2" sampling="Linear">
      <KeyFrame time="239000" x="117.6407953" y="29.7952158" z="126.942" />
      <KeyFrame time="245999.99" x="117.6407953" y="29.7952158" z="126.942" />
    </XYZFrame>
    <AngleFrame count="2" sampling="Linear">
      <KeyFrame time="239000" yaw="0.000" pitch="0.000" roll="0.000" />
      <KeyFrame time="245999.99" yaw="0.000" pitch="0.000" roll="0.000" />
    </AngleFrame>
    <ScaleFrame count="6" sampling="Linear">
      <KeyFrame time="239000" scalex="0.0000" scaley="0.0000" scalez="0.000" visible="1" />
      <KeyFrame time="242000" scalex="0.0000" scaley="0.0000" scalez="0.000" visible="1" />
      <KeyFrame time="242020" scalex="1.0000" scaley="1.0000" scalez="0.020" visible="1" />
      <KeyFrame time="242999.99" scalex="1.0000" scaley="1.0000" scalez="1.000" visible="1" />
      <KeyFrame time="243000.99" scalex="1.0000" scaley="1.0000" scalez="1.000" visible="1" />
      <KeyFrame time="245999.99" scalex="1.0000" scaley="1.0000" scalez="1.000" visible="1" />
    </ScaleFrame>
  </Object>
  <Object path="3-胡村磡大桥\桥墩动画\2号墩\157_p_2_b_1" FileUrl="\\172.16.76.12\76.22-data-6\2_三维建模项目\2019C昌景黄GIS平台\8虚拟施工\DK66+500胡家磡大桥\3-三维场景集成\三维场景_分场景\data\157_p_2_b_1.xpl2">
    <XYZFrame count="2" sampling="Linear">
      <KeyFrame time="239000" x="117.6407953" y="29.7952158" z="129.715" />
      <KeyFrame time="245999.99" x="117.6407953" y="29.7952158" z="129.715" />
    </XYZFrame>
    <AngleFrame count="2" sampling="Linear">
      <KeyFrame time="239000" yaw="0.000" pitch="0.000" roll="0.000" />
      <KeyFrame time="245999.99" yaw="0.000" pitch="0.000" roll="0.000" />
    </AngleFrame>
    <ScaleFrame count="5" sampling="Linear">
      <KeyFrame time="239000" scalex="0.0000" scaley="0.0000" scalez="0.000" visible="1" />
      <KeyFrame time="243001" scalex="0.0000" scaley="0.0000" scalez="0.000" visible="1" />
      <KeyFrame time="243021" scalex="1.0000" scaley="1.0000" scalez="0.020" visible="1" />
      <KeyFrame time="244000" scalex="1.0000" scaley="1.0000" scalez="1.000" visible="1" />
      <KeyFrame time="245999.99" scalex="1.0000" scaley="1.0000" scalez="1.000" visible="1" />
    </ScaleFrame>
  </Object>
  <Object path="3-胡村磡大桥\桥墩动画\2号墩\157_p_2_b_2" FileUrl="\\172.16.76.12\76.22-data-6\2_三维建模项目\2019C昌景黄GIS平台\8虚拟施工\DK66+500胡家磡大桥\3-三维场景集成\三维场景_分场景\data\157_p_2_b_2.xpl2">
    <XYZFrame count="2" sampling="Linear">
      <KeyFrame time="239000" x="117.6407953" y="29.7952158" z="132.715" />
      <KeyFrame time="245999.99" x="117.6407953" y="29.7952158" z="132.715" />
    </XYZFrame>
    <AngleFrame count="2" sampling="Linear">
      <KeyFrame time="239000" yaw="0.000" pitch="0.000" roll="0.000" />
      <KeyFrame time="245999.99" yaw="0.000" pitch="0.000" roll="0.000" />
    </AngleFrame>
    <ScaleFrame count="5" sampling="Linear">
      <KeyFrame time="239000" scalex="0.0000" scaley="0.0000" scalez="0.000" visible="1" />
      <KeyFrame time="244000" scalex="0.0000" scaley="0.0000" scalez="0.000" visible="1" />
      <KeyFrame time="244020" scalex="1.0000" scaley="1.0000" scalez="0.020" visible="1" />
      <KeyFrame time="245000" scalex="1.0000" scaley="1.0000" scalez="1.000" visible="1" />
      <KeyFrame time="245999.99" scalex="1.0000" scaley="1.0000" scalez="1.000" visible="1" />
    </ScaleFrame>
  </Object>
  <Object path="3-胡村磡大桥\桥墩动画\2号墩\157_p_2_ds" FileUrl="\\172.16.76.12\76.22-data-6\2_三维建模项目\2019C昌景黄GIS平台\8虚拟施工\DK66+500胡家磡大桥\3-三维场景集成\三维场景_分场景\data\157_p_2_ds.xpl2">
    <XYZFrame count="2" sampling="Linear">
      <KeyFrame time="239000" x="117.6407953" y="29.7952158" z="135.715" />
      <KeyFrame time="245999.99" x="117.6407953" y="29.7952158" z="135.715" />
    </XYZFrame>
    <AngleFrame count="2" sampling="Linear">
      <KeyFrame time="239000" yaw="0.000" pitch="0.000" roll="0.000" />
      <KeyFrame time="245999.99" yaw="0.000" pitch="0.000" roll="0.000" />
    </AngleFrame>
    <ScaleFrame count="4" sampling="Linear">
      <KeyFrame time="239000" scalex="0.0000" scaley="0.0000" scalez="0.000" visible="1" />
      <KeyFrame time="245000" scalex="0.0000" scaley="0.0000" scalez="0.000" visible="1" />
      <KeyFrame time="245020" scalex="1.0000" scaley="1.0000" scalez="0.020" visible="1" />
      <KeyFrame time="245999.99" scalex="1.0000" scaley="1.0000" scalez="1.000" visible="1" />
    </ScaleFrame>
  </Object>
  <Object path="3-胡村磡大桥\桥墩动画\2号墩\2号墩D1" FileUrl="\\172.16.76.12\76.22-data-6\2_三维建模项目\2019C昌景黄GIS平台\8虚拟施工\DK66+500胡家磡大桥\3-三维场景集成\三维场景_分场景\动画成果\3-桥墩\xpl2\2号墩D1.xpl2">
    <XYZFrame count="2" sampling="Linear">
      <KeyFrame time="239000" x="117.6407901" y="29.7952347" z="126.925" />
      <KeyFrame time="245999.99" x="117.6407901" y="29.7952347" z="126.925" />
    </XYZFrame>
    <AngleFrame count="2" sampling="Linear">
      <KeyFrame time="239000" yaw="-1.400" pitch="0.000" roll="0.000" />
      <KeyFrame time="245999.99" yaw="-1.400" pitch="0.000" roll="0.000" />
    </AngleFrame>
    <ScaleFrame count="10" sampling="Linear">
      <KeyFrame time="239000" scalex="0.0000" scaley="0.0000" scalez="0.000" visible="1" />
      <KeyFrame time="239999.99" scalex="0.0000" scaley="0.0000" scalez="0.000" visible="1" />
      <KeyFrame time="240000.99" scalex="1.0000" scaley="1.0000" scalez="0.990" visible="1" />
      <KeyFrame time="240001" scalex="1.0000" scaley="1.0000" scalez="1.000" visible="1" />
      <KeyFrame time="240999.99" scalex="1.0000" scaley="1.0000" scalez="0.000" visible="1" />
      <KeyFrame time="241000" scalex="0.0000" scaley="0.0000" scalez="0.000" visible="1" />
      <KeyFrame time="242999.99" scalex="0.0000" scaley="0.0000" scalez="0.000" visible="1" />
      <KeyFrame time="243000.99" scalex="1.0000" scaley="1.0000" scalez="0.990" visible="1" />
      <KeyFrame time="243001" scalex="1.0000" scaley="1.0000" scalez="1.000" visible="1" />
      <KeyFrame time="245999.99" scalex="1.0000" scaley="1.0000" scalez="1.000" visible="1" />
    </ScaleFrame>
  </Object>
  <Object path="3-胡村磡大桥\桥墩动画\2号墩\2号墩承台模板" FileUrl="\\172.16.76.12\76.22-data-6\2_三维建模项目\2019C昌景黄GIS平台\8虚拟施工\DK66+500胡家磡大桥\3-三维场景集成\三维场景_分场景\动画成果\3-桥墩\xpl2\2号墩承台模板.xpl2">
    <XYZFrame count="2" sampling="Linear">
      <KeyFrame time="239000" x="117.6407953" y="29.7952158" z="126.809" />
      <KeyFrame time="245999.99" x="117.6407953" y="29.7952158" z="126.809" />
    </XYZFrame>
    <AngleFrame count="2" sampling="Linear">
      <KeyFrame time="239000" yaw="-18.000" pitch="0.000" roll="0.000" />
      <KeyFrame time="245999.99" yaw="-18.000" pitch="0.000" roll="0.000" />
    </AngleFrame>
    <ScaleFrame count="8" sampling="Linear">
      <KeyFrame time="239000" scalex="0.0000" scaley="0.0000" scalez="0.000" visible="1" />
      <KeyFrame time="241000" scalex="0.0000" scaley="0.0000" scalez="0.000" visible="1" />
      <KeyFrame time="241020" scalex="1.0000" scaley="1.0000" scalez="0.020" visible="1" />
      <KeyFrame time="242000" scalex="1.0000" scaley="1.0000" scalez="1.000" visible="1" />
      <KeyFrame time="242999.99" scalex="1.0000" scaley="1.0000" scalez="1.000" visible="1" />
      <KeyFrame time="243000.99" scalex="1.0000" scaley="1.0000" scalez="0.010" visible="1" />
      <KeyFrame time="243001" scalex="0.0000" scaley="0.0000" scalez="0.000" visible="1" />
      <KeyFrame time="245999.99" scalex="0.0000" scaley="0.0000" scalez="0.000" visible="1" />
    </ScaleFrame>
  </Object>
  
</MovieByFrames>