﻿<?xml version="1.0" encoding="utf-8"?>
<MovieByFrames>
  <Object path="7-营业线边坡防护与桩基施工\旋挖钻机\旋挖钻机\履带" FileUrl="\\172.16.76.12\76.22-data-6\2_三维建模项目\2019C昌景黄GIS平台\8虚拟施工\DK66+500胡家磡大桥\3-三维场景集成\三维场景_分场景\旋挖机\履带.xpl2">
    <XYZFrame count="7" sampling="Linear">
      <KeyFrame time="1000" x="117.6406292" y="29.7948489" z="125.020" />
      <KeyFrame time="2000" x="117.6406057" y="29.7949032" z="125.119" />
      <KeyFrame time="8000" x="117.6406057" y="29.7949032" z="125.119" />
      <KeyFrame time="9000" x="117.6406056" y="29.7949034" z="125.119" />
      <KeyFrame time="10000" x="117.6406601" y="29.7949187" z="125.119" />
      <KeyFrame time="11000" x="117.6406599" y="29.7949191" z="125.120" />
      <KeyFrame time="12999.99" x="117.6406599" y="29.7949191" z="125.120" />
    </XYZFrame>
    <AngleFrame count="6" sampling="Linear">
      <KeyFrame time="1000" yaw="-107.930" pitch="0.000" roll="-0.878" />
      <KeyFrame time="8000" yaw="-107.930" pitch="0.000" roll="-0.878" />
      <KeyFrame time="9000" yaw="-17.930" pitch="0.878" roll="0.000" />
      <KeyFrame time="10000" yaw="-17.930" pitch="0.878" roll="0.000" />
      <KeyFrame time="11000" yaw="-107.930" pitch="0.000" roll="-0.878" />
      <KeyFrame time="12999.99" yaw="-107.930" pitch="0.000" roll="-0.878" />
    </AngleFrame>
    <ScaleFrame count="2" sampling="Linear">
      <KeyFrame time="1000" scalex="1.0000" scaley="1.0000" scalez="1.000" visible="1" />
      <KeyFrame time="12999.99" scalex="1.0000" scaley="1.0000" scalez="1.000" visible="1" />
    </ScaleFrame>
  </Object>
  <Object path="7-营业线边坡防护与桩基施工\旋挖钻机\旋挖钻机\旋挖机主体" FileUrl="\\172.16.76.12\76.22-data-6\2_三维建模项目\2019C昌景黄GIS平台\8虚拟施工\DK66+500胡家磡大桥\3-三维场景集成\三维场景_分场景\旋挖机\旋挖机主体.xpl2">
    <XYZFrame count="7" sampling="Linear">
      <KeyFrame time="1000" x="117.6406292" y="29.7948489" z="125.405" />
      <KeyFrame time="2000" x="117.6406057" y="29.7949031" z="125.503" />
      <KeyFrame time="8000" x="117.6406057" y="29.7949031" z="125.503" />
      <KeyFrame time="9000" x="117.6406056" y="29.7949034" z="125.504" />
      <KeyFrame time="10000" x="117.6406601" y="29.7949186" z="125.504" />
      <KeyFrame time="11000" x="117.6406599" y="29.7949191" z="125.504" />
      <KeyFrame time="12999.99" x="117.6406599" y="29.7949191" z="125.504" />
    </XYZFrame>
    <AngleFrame count="6" sampling="Linear">
      <KeyFrame time="1000" yaw="-107.930" pitch="0.000" roll="-0.878" />
      <KeyFrame time="8000" yaw="-107.930" pitch="0.000" roll="-0.878" />
      <KeyFrame time="9000" yaw="-17.930" pitch="0.878" roll="0.000" />
      <KeyFrame time="10000" yaw="-17.930" pitch="0.878" roll="0.000" />
      <KeyFrame time="11000" yaw="-107.930" pitch="0.000" roll="-0.878" />
      <KeyFrame time="12999.99" yaw="-107.930" pitch="0.000" roll="-0.878" />
    </AngleFrame>
    <ScaleFrame count="2" sampling="Linear">
      <KeyFrame time="1000" scalex="1.0000" scaley="1.0000" scalez="1.000" visible="1" />
      <KeyFrame time="12999.99" scalex="1.0000" scaley="1.0000" scalez="1.000" visible="1" />
    </ScaleFrame>
  </Object>
  <Object path="7-营业线边坡防护与桩基施工\旋挖钻机\旋挖钻机\旋挖钻" FileUrl="\\172.16.76.12\76.22-data-6\2_三维建模项目\2019C昌景黄GIS平台\8虚拟施工\DK66+500胡家磡大桥\3-三维场景集成\三维场景_分场景\旋挖机\旋挖钻.xpl2">
    <XYZFrame count="13" sampling="Linear">
      <KeyFrame time="1000" x="117.6406292" y="29.7948488" z="125.789" />
      <KeyFrame time="2000" x="117.6406057" y="29.7949030" z="126.003" />
      <KeyFrame time="3000" x="117.6406054" y="29.7949039" z="119.137" />
      <KeyFrame time="4000" x="117.6406057" y="29.7949030" z="126.003" />
      <KeyFrame time="5000" x="117.6406054" y="29.7949040" z="118.444" />
      <KeyFrame time="6000" x="117.6406057" y="29.7949030" z="126.003" />
      <KeyFrame time="7000" x="117.6406053" y="29.7949041" z="118.287" />
      <KeyFrame time="8000" x="117.6406057" y="29.7949030" z="126.003" />
      <KeyFrame time="9000" x="117.6406056" y="29.7949033" z="126.004" />
      <KeyFrame time="10000" x="117.6406601" y="29.7949186" z="125.504" />
      <KeyFrame time="11000" x="117.6406599" y="29.7949191" z="125.504" />
      <KeyFrame time="12000" x="117.6406596" y="29.7949200" z="118.540" />
      <KeyFrame time="12999.99" x="117.6406599" y="29.7949190" z="126.004" />
    </XYZFrame>
    <AngleFrame count="6" sampling="Linear">
      <KeyFrame time="1000" yaw="-107.930" pitch="0.000" roll="-0.878" />
      <KeyFrame time="8000" yaw="-107.930" pitch="0.000" roll="-0.878" />
      <KeyFrame time="9000" yaw="-17.930" pitch="0.878" roll="0.000" />
      <KeyFrame time="10000" yaw="-17.930" pitch="0.878" roll="0.000" />
      <KeyFrame time="11000" yaw="-107.930" pitch="0.000" roll="-0.878" />
      <KeyFrame time="12999.99" yaw="-107.930" pitch="0.000" roll="-0.878" />
    </AngleFrame>
    <ScaleFrame count="2" sampling="Linear">
      <KeyFrame time="1000" scalex="1.0000" scaley="1.0000" scalez="1.000" visible="1" />
      <KeyFrame time="12999.99" scalex="1.0000" scaley="1.0000" scalez="1.000" visible="1" />
    </ScaleFrame>
  </Object>
  <Object path="7-营业线边坡防护与桩基施工\旋挖钻机\旋挖钻机\锚点001" FileUrl="\\172.16.76.12\76.22-data-6\2_三维建模项目\2019C昌景黄GIS平台\8虚拟施工\DK66+500胡家磡大桥\3-三维场景集成\三维场景_分场景\旋挖机\AnchorPointModel1.xpl2">
    <XYZFrame count="7" sampling="Linear">
      <KeyFrame time="1000" x="117.6406292" y="29.7948489" z="125.020" />
      <KeyFrame time="2000" x="117.6406057" y="29.7949032" z="125.119" />
      <KeyFrame time="8000" x="117.6406057" y="29.7949032" z="125.119" />
      <KeyFrame time="9000" x="117.6406056" y="29.7949034" z="125.119" />
      <KeyFrame time="10000" x="117.6406601" y="29.7949187" z="125.119" />
      <KeyFrame time="11000" x="117.6406599" y="29.7949191" z="125.120" />
      <KeyFrame time="12999.99" x="117.6406599" y="29.7949191" z="125.120" />
    </XYZFrame>
    <AngleFrame count="6" sampling="Linear">
      <KeyFrame time="1000" yaw="-107.930" pitch="0.000" roll="-0.878" />
      <KeyFrame time="8000" yaw="-107.930" pitch="0.000" roll="-0.878" />
      <KeyFrame time="9000" yaw="-17.930" pitch="0.878" roll="0.000" />
      <KeyFrame time="10000" yaw="-17.930" pitch="0.878" roll="0.000" />
      <KeyFrame time="11000" yaw="-107.930" pitch="0.000" roll="-0.878" />
      <KeyFrame time="12999.99" yaw="-107.930" pitch="0.000" roll="-0.878" />
    </AngleFrame>
    <ScaleFrame count="2" sampling="Linear">
      <KeyFrame time="1000" scalex="0.2000" scaley="0.2000" scalez="1.000" visible="1" />
      <KeyFrame time="12999.99" scalex="0.2000" scaley="0.2000" scalez="1.000" visible="1" />
    </ScaleFrame>
  </Object>
</MovieByFrames>