<?xml version="1.0" encoding="utf-8"?>
<MovieByFrames>
  <Object path="3-胡村磡大桥\桥墩动画\3号墩模板\3号墩模板钢管架L1" FileUrl="\\172.16.76.12\76.22-data-6\2_三维建模项目\2019C昌景黄GIS平台\8虚拟施工\DK66+500胡家磡大桥\3-三维场景集成\三维场景_分场景\动画成果\3-桥墩\xpl2\3号墩模板钢管架L1.xpl2">
    <XYZFrame count="2" sampling="Linear">
      <KeyFrame time="225000" x="117.6406133" y="29.7949666" z="125.271" />
      <KeyFrame time="233999.99" x="117.6406133" y="29.7949666" z="125.271" />
    </XYZFrame>
    <AngleFrame count="2" sampling="Linear">
      <KeyFrame time="225000" yaw="33.000" pitch="0.000" roll="0.000" />
      <KeyFrame time="233999.99" yaw="33.000" pitch="0.000" roll="0.000" />
    </AngleFrame>
    <ScaleFrame count="5" sampling="Linear">
      <KeyFrame time="225000" scalex="0.0000" scaley="0.0000" scalez="0.000" visible="1" />
      <KeyFrame time="227000" scalex="0.0000" scaley="0.0000" scalez="0.000" visible="1" />
      <KeyFrame time="227020" scalex="1.0000" scaley="1.0000" scalez="0.020" visible="1" />
      <KeyFrame time="228000" scalex="1.0000" scaley="1.0000" scalez="1.000" visible="1" />
      <KeyFrame time="233999.99" scalex="1.0000" scaley="1.0000" scalez="1.000" visible="1" />
    </ScaleFrame>
  </Object>
  <Object path="3-胡村磡大桥\桥墩动画\3号墩模板\3号墩模板钢管架L2" FileUrl="\\172.16.76.12\76.22-data-6\2_三维建模项目\2019C昌景黄GIS平台\8虚拟施工\DK66+500胡家磡大桥\3-三维场景集成\三维场景_分场景\动画成果\3-桥墩\xpl2\3号墩模板钢管架L2.xpl2">
    <XYZFrame count="2" sampling="Linear">
      <KeyFrame time="225000" x="117.6406133" y="29.7949666" z="128.636" />
      <KeyFrame time="233999.99" x="117.6406133" y="29.7949666" z="128.636" />
    </XYZFrame>
    <AngleFrame count="2" sampling="Linear">
      <KeyFrame time="225000" yaw="33.000" pitch="0.000" roll="0.000" />
      <KeyFrame time="233999.99" yaw="33.000" pitch="0.000" roll="0.000" />
    </AngleFrame>
    <ScaleFrame count="5" sampling="Linear">
      <KeyFrame time="225000" scalex="0.0000" scaley="0.0000" scalez="0.000" visible="1" />
      <KeyFrame time="227000" scalex="0.0000" scaley="0.0000" scalez="0.000" visible="1" />
      <KeyFrame time="227020" scalex="1.0000" scaley="1.0000" scalez="0.020" visible="1" />
      <KeyFrame time="228000" scalex="1.0000" scaley="1.0000" scalez="1.000" visible="1" />
      <KeyFrame time="233999.99" scalex="1.0000" scaley="1.0000" scalez="1.000" visible="1" />
    </ScaleFrame>
  </Object>
  <Object path="3-胡村磡大桥\桥墩动画\3号墩模板\3号墩模板钢管架L3" FileUrl="\\172.16.76.12\76.22-data-6\2_三维建模项目\2019C昌景黄GIS平台\8虚拟施工\DK66+500胡家磡大桥\3-三维场景集成\三维场景_分场景\动画成果\3-桥墩\xpl2\3号墩模板钢管架L3.xpl2">
    <XYZFrame count="2" sampling="Linear">
      <KeyFrame time="225000" x="117.6406133" y="29.7949666" z="131.985" />
      <KeyFrame time="233999.99" x="117.6406133" y="29.7949666" z="131.985" />
    </XYZFrame>
    <AngleFrame count="2" sampling="Linear">
      <KeyFrame time="225000" yaw="33.000" pitch="0.000" roll="0.000" />
      <KeyFrame time="233999.99" yaw="33.000" pitch="0.000" roll="0.000" />
    </AngleFrame>
    <ScaleFrame count="5" sampling="Linear">
      <KeyFrame time="225000" scalex="0.0000" scaley="0.0000" scalez="0.000" visible="1" />
      <KeyFrame time="230000" scalex="0.0000" scaley="0.0000" scalez="0.000" visible="1" />
      <KeyFrame time="230020" scalex="1.0000" scaley="1.0000" scalez="0.020" visible="1" />
      <KeyFrame time="231000" scalex="1.0000" scaley="1.0000" scalez="1.000" visible="1" />
      <KeyFrame time="233999.99" scalex="1.0000" scaley="1.0000" scalez="1.000" visible="1" />
    </ScaleFrame>
  </Object>
  <Object path="3-胡村磡大桥\桥墩动画\3号墩模板\3号墩模板钢管架L4" FileUrl="\\172.16.76.12\76.22-data-6\2_三维建模项目\2019C昌景黄GIS平台\8虚拟施工\DK66+500胡家磡大桥\3-三维场景集成\三维场景_分场景\动画成果\3-桥墩\xpl2\3号墩模板钢管架L4.xpl2">
    <XYZFrame count="2" sampling="Linear">
      <KeyFrame time="225000" x="117.6406133" y="29.7949666" z="135.235" />
      <KeyFrame time="233999.99" x="117.6406133" y="29.7949666" z="135.235" />
    </XYZFrame>
    <AngleFrame count="2" sampling="Linear">
      <KeyFrame time="225000" yaw="33.000" pitch="0.000" roll="0.000" />
      <KeyFrame time="233999.99" yaw="33.000" pitch="0.000" roll="0.000" />
    </AngleFrame>
    <ScaleFrame count="4" sampling="Linear">
      <KeyFrame time="225000" scalex="0.0000" scaley="0.0000" scalez="0.000" visible="1" />
      <KeyFrame time="233000" scalex="0.0000" scaley="0.0000" scalez="0.000" visible="1" />
      <KeyFrame time="233020" scalex="1.0000" scaley="1.0000" scalez="0.020" visible="1" />
      <KeyFrame time="233999.99" scalex="1.0000" scaley="1.0000" scalez="1.000" visible="1" />
    </ScaleFrame>
  </Object>
  <Object path="3-胡村磡大桥\桥墩动画\3号墩模板\3号墩身模板L1" FileUrl="\\172.16.76.12\76.22-data-6\2_三维建模项目\2019C昌景黄GIS平台\8虚拟施工\DK66+500胡家磡大桥\3-三维场景集成\三维场景_分场景\动画成果\3-桥墩\xpl2\3号墩身模板L1.xpl2">
    <XYZFrame count="2" sampling="Linear">
      <KeyFrame time="225000" x="117.6406141" y="29.7949666" z="124.504" />
      <KeyFrame time="233999.99" x="117.6406141" y="29.7949666" z="124.504" />
    </XYZFrame>
    <AngleFrame count="2" sampling="Linear">
      <KeyFrame time="225000" yaw="33.000" pitch="0.000" roll="0.000" />
      <KeyFrame time="233999.99" yaw="33.000" pitch="0.000" roll="0.000" />
    </AngleFrame>
    <ScaleFrame count="5" sampling="Linear">
      <KeyFrame time="225000" scalex="0.0000" scaley="0.0000" scalez="0.000" visible="1" />
      <KeyFrame time="226000" scalex="0.0000" scaley="0.0000" scalez="0.000" visible="1" />
      <KeyFrame time="226020" scalex="1.0000" scaley="1.0000" scalez="0.020" visible="1" />
      <KeyFrame time="227000" scalex="1.0000" scaley="1.0000" scalez="1.000" visible="1" />
      <KeyFrame time="233999.99" scalex="1.0000" scaley="1.0000" scalez="1.000" visible="1" />
    </ScaleFrame>
  </Object>
  <Object path="3-胡村磡大桥\桥墩动画\3号墩模板\3号墩身模板L2" FileUrl="\\172.16.76.12\76.22-data-6\2_三维建模项目\2019C昌景黄GIS平台\8虚拟施工\DK66+500胡家磡大桥\3-三维场景集成\三维场景_分场景\动画成果\3-桥墩\xpl2\3号墩身模板L2.xpl2">
    <XYZFrame count="2" sampling="Linear">
      <KeyFrame time="225000" x="117.6406140" y="29.7949665" z="129.207" />
      <KeyFrame time="233999.99" x="117.6406140" y="29.7949665" z="129.207" />
    </XYZFrame>
    <AngleFrame count="2" sampling="Linear">
      <KeyFrame time="225000" yaw="33.000" pitch="0.000" roll="0.000" />
      <KeyFrame time="233999.99" yaw="33.000" pitch="0.000" roll="0.000" />
    </AngleFrame>
    <ScaleFrame count="5" sampling="Linear">
      <KeyFrame time="225000" scalex="0.0000" scaley="0.0000" scalez="0.000" visible="1" />
      <KeyFrame time="229000" scalex="0.0000" scaley="0.0000" scalez="0.000" visible="1" />
      <KeyFrame time="229020" scalex="1.0000" scaley="1.0000" scalez="0.020" visible="1" />
      <KeyFrame time="230000" scalex="1.0000" scaley="1.0000" scalez="1.000" visible="1" />
      <KeyFrame time="233999.99" scalex="1.0000" scaley="1.0000" scalez="1.000" visible="1" />
    </ScaleFrame>
  </Object>
  <Object path="3-胡村磡大桥\桥墩动画\3号墩模板\3号墩身模板L3" FileUrl="\\172.16.76.12\76.22-data-6\2_三维建模项目\2019C昌景黄GIS平台\8虚拟施工\DK66+500胡家磡大桥\3-三维场景集成\三维场景_分场景\动画成果\3-桥墩\xpl2\3号墩身模板L3.xpl2">
    <XYZFrame count="2" sampling="Linear">
      <KeyFrame time="225000" x="117.6406140" y="29.7949666" z="132.575" />
      <KeyFrame time="233999.99" x="117.6406140" y="29.7949666" z="132.575" />
    </XYZFrame>
    <AngleFrame count="2" sampling="Linear">
      <KeyFrame time="225000" yaw="33.000" pitch="0.000" roll="0.000" />
      <KeyFrame time="233999.99" yaw="33.000" pitch="0.000" roll="0.000" />
    </AngleFrame>
    <ScaleFrame count="5" sampling="Linear">
      <KeyFrame time="225000" scalex="0.0000" scaley="0.0000" scalez="0.000" visible="1" />
      <KeyFrame time="232000" scalex="0.0000" scaley="0.0000" scalez="0.000" visible="1" />
      <KeyFrame time="232020" scalex="1.0000" scaley="1.0000" scalez="0.020" visible="1" />
      <KeyFrame time="233000" scalex="1.0000" scaley="1.0000" scalez="1.000" visible="1" />
      <KeyFrame time="233999.99" scalex="1.0000" scaley="1.0000" scalez="1.000" visible="1" />
    </ScaleFrame>
  </Object>
  <Object path="3-胡村磡大桥\桥墩动画\3号墩模板\3号桥墩钢筋L1" FileUrl="\\172.16.76.12\76.22-data-6\2_三维建模项目\2019C昌景黄GIS平台\8虚拟施工\DK66+500胡家磡大桥\3-三维场景集成\三维场景_分场景\动画成果\3-桥墩\xpl2\3号桥墩钢筋L1.xpl2">
    <XYZFrame count="2" sampling="Linear">
      <KeyFrame time="225000" x="117.6406145" y="29.7949669" z="124.565" />
      <KeyFrame time="233999.99" x="117.6406145" y="29.7949669" z="124.565" />
    </XYZFrame>
    <AngleFrame count="2" sampling="Linear">
      <KeyFrame time="225000" yaw="33.000" pitch="0.000" roll="0.000" />
      <KeyFrame time="233999.99" yaw="33.000" pitch="0.000" roll="0.000" />
    </AngleFrame>
    <ScaleFrame count="4" sampling="Linear">
      <KeyFrame time="225000" scalex="0.0000" scaley="0.0000" scalez="0.000" visible="1" />
      <KeyFrame time="225020" scalex="1.0000" scaley="1.0000" scalez="0.020" visible="1" />
      <KeyFrame time="226000" scalex="1.0000" scaley="1.0000" scalez="1.000" visible="1" />
      <KeyFrame time="233999.99" scalex="1.0000" scaley="1.0000" scalez="1.000" visible="1" />
    </ScaleFrame>
  </Object>
  <Object path="3-胡村磡大桥\桥墩动画\3号墩模板\3号桥墩钢筋L2" FileUrl="\\172.16.76.12\76.22-data-6\2_三维建模项目\2019C昌景黄GIS平台\8虚拟施工\DK66+500胡家磡大桥\3-三维场景集成\三维场景_分场景\动画成果\3-桥墩\xpl2\3号桥墩钢筋L2.xpl2">
    <XYZFrame count="2" sampling="Linear">
      <KeyFrame time="225000" x="117.6406150" y="29.7949670" z="129.218" />
      <KeyFrame time="233999.99" x="117.6406150" y="29.7949670" z="129.218" />
    </XYZFrame>
    <AngleFrame count="2" sampling="Linear">
      <KeyFrame time="225000" yaw="33.000" pitch="0.000" roll="0.000" />
      <KeyFrame time="233999.99" yaw="33.000" pitch="0.000" roll="0.000" />
    </AngleFrame>
    <ScaleFrame count="5" sampling="Linear">
      <KeyFrame time="225000" scalex="0.0000" scaley="0.0000" scalez="0.000" visible="1" />
      <KeyFrame time="228000" scalex="0.0000" scaley="0.0000" scalez="0.000" visible="1" />
      <KeyFrame time="228020" scalex="1.0000" scaley="1.0000" scalez="0.020" visible="1" />
      <KeyFrame time="229000" scalex="1.0000" scaley="1.0000" scalez="1.000" visible="1" />
      <KeyFrame time="233999.99" scalex="1.0000" scaley="1.0000" scalez="1.000" visible="1" />
    </ScaleFrame>
  </Object>
  <Object path="3-胡村磡大桥\桥墩动画\3号墩模板\3号桥墩钢筋L3" FileUrl="\\172.16.76.12\76.22-data-6\2_三维建模项目\2019C昌景黄GIS平台\8虚拟施工\DK66+500胡家磡大桥\3-三维场景集成\三维场景_分场景\动画成果\3-桥墩\xpl2\3号桥墩钢筋L3.xpl2">
    <XYZFrame count="2" sampling="Linear">
      <KeyFrame time="225000" x="117.6406141" y="29.7949668" z="132.569" />
      <KeyFrame time="233999.99" x="117.6406141" y="29.7949668" z="132.569" />
    </XYZFrame>
    <AngleFrame count="2" sampling="Linear">
      <KeyFrame time="225000" yaw="33.000" pitch="0.000" roll="0.000" />
      <KeyFrame time="233999.99" yaw="33.000" pitch="0.000" roll="0.000" />
    </AngleFrame>
    <ScaleFrame count="5" sampling="Linear">
      <KeyFrame time="225000" scalex="0.0000" scaley="0.0000" scalez="0.000" visible="1" />
      <KeyFrame time="231000" scalex="0.0000" scaley="0.0000" scalez="0.000" visible="1" />
      <KeyFrame time="231020" scalex="1.0000" scaley="1.0000" scalez="0.020" visible="1" />
      <KeyFrame time="232000" scalex="1.0000" scaley="1.0000" scalez="1.000" visible="1" />
      <KeyFrame time="233999.99" scalex="1.0000" scaley="1.0000" scalez="1.000" visible="1" />
    </ScaleFrame>
  </Object>
 
</MovieByFrames>