<?xml version="1.0" encoding="utf-8"?>
<MovieByFrames>
  <Object path="3-胡村磡大桥\桥墩动画\3号墩\157_p_3_1" FileUrl="\\172.16.76.12\76.22-data-6\2_三维建模项目\2019C昌景黄GIS平台\8虚拟施工\DK66+500胡家磡大桥\3-三维场景集成\三维场景_分场景\data\157_p_3_1.xpl2">
    <XYZFrame count="2" sampling="Linear">
      <KeyFrame time="37000.99" x="117.6406350" y="29.7949924" z="95.937" />
      <KeyFrame time="44999.99" x="117.6406350" y="29.7949924" z="95.937" />
    </XYZFrame>
    <AngleFrame count="2" sampling="Linear">
      <KeyFrame time="37000.99" yaw="0.000" pitch="0.000" roll="0.000" />
      <KeyFrame time="44999.99" yaw="0.000" pitch="0.000" roll="0.000" />
    </AngleFrame>
    <ScaleFrame count="5" sampling="Linear">
      <KeyFrame time="37000.99" scalex="0.0000" scaley="0.0000" scalez="0.000" visible="1" />
      <KeyFrame time="37001" scalex="0.0000" scaley="0.0000" scalez="0.000" visible="1" />
      <KeyFrame time="37021" scalex="1.0000" scaley="1.0000" scalez="0.020" visible="1" />
      <KeyFrame time="38000" scalex="1.0000" scaley="1.0000" scalez="1.000" visible="1" />
      <KeyFrame time="44999.99" scalex="1.0000" scaley="1.0000" scalez="1.000" visible="1" />
    </ScaleFrame>
  </Object>
  <Object path="3-胡村磡大桥\桥墩动画\3号墩\157_p_3_2" FileUrl="\\172.16.76.12\76.22-data-6\2_三维建模项目\2019C昌景黄GIS平台\8虚拟施工\DK66+500胡家磡大桥\3-三维场景集成\三维场景_分场景\data\157_p_3_2.xpl2">
    <XYZFrame count="2" sampling="Linear">
      <KeyFrame time="37000.99" x="117.6406074" y="29.7949848" z="95.937" />
      <KeyFrame time="44999.99" x="117.6406074" y="29.7949848" z="95.937" />
    </XYZFrame>
    <AngleFrame count="2" sampling="Linear">
      <KeyFrame time="37000.99" yaw="0.000" pitch="0.000" roll="0.000" />
      <KeyFrame time="44999.99" yaw="0.000" pitch="0.000" roll="0.000" />
    </AngleFrame>
    <ScaleFrame count="5" sampling="Linear">
      <KeyFrame time="37000.99" scalex="0.0000" scaley="0.0000" scalez="0.000" visible="1" />
      <KeyFrame time="41000" scalex="0.0000" scaley="0.0000" scalez="0.000" visible="1" />
      <KeyFrame time="41020" scalex="1.0000" scaley="1.0000" scalez="0.020" visible="1" />
      <KeyFrame time="42000" scalex="1.0000" scaley="1.0000" scalez="1.000" visible="1" />
      <KeyFrame time="44999.99" scalex="1.0000" scaley="1.0000" scalez="1.000" visible="1" />
    </ScaleFrame>
  </Object>
  <Object path="3-胡村磡大桥\桥墩动画\3号墩\157_p_3_3" FileUrl="\\172.16.76.12\76.22-data-6\2_三维建模项目\2019C昌景黄GIS平台\8虚拟施工\DK66+500胡家磡大桥\3-三维场景集成\三维场景_分场景\data\157_p_3_3.xpl2">
    <XYZFrame count="2" sampling="Linear">
      <KeyFrame time="37000.99" x="117.6405798" y="29.7949771" z="95.937" />
      <KeyFrame time="44999.99" x="117.6405798" y="29.7949771" z="95.937" />
    </XYZFrame>
    <AngleFrame count="2" sampling="Linear">
      <KeyFrame time="37000.99" yaw="0.000" pitch="0.000" roll="0.000" />
      <KeyFrame time="44999.99" yaw="0.000" pitch="0.000" roll="0.000" />
    </AngleFrame>
    <ScaleFrame count="5" sampling="Linear">
      <KeyFrame time="37000.99" scalex="0.0000" scaley="0.0000" scalez="0.000" visible="1" />
      <KeyFrame time="38000" scalex="0.0000" scaley="0.0000" scalez="0.000" visible="1" />
      <KeyFrame time="38020" scalex="1.0000" scaley="1.0000" scalez="0.020" visible="1" />
      <KeyFrame time="39000" scalex="1.0000" scaley="1.0000" scalez="1.000" visible="1" />
      <KeyFrame time="44999.99" scalex="1.0000" scaley="1.0000" scalez="1.000" visible="1" />
    </ScaleFrame>
  </Object>
  <Object path="3-胡村磡大桥\桥墩动画\3号墩\157_p_3_4" FileUrl="\\172.16.76.12\76.22-data-6\2_三维建模项目\2019C昌景黄GIS平台\8虚拟施工\DK66+500胡家磡大桥\3-三维场景集成\三维场景_分场景\data\157_p_3_4.xpl2">
    <XYZFrame count="2" sampling="Linear">
      <KeyFrame time="37000.99" x="117.6406278" y="29.7949706" z="95.937" />
      <KeyFrame time="44999.99" x="117.6406278" y="29.7949706" z="95.937" />
    </XYZFrame>
    <AngleFrame count="2" sampling="Linear">
      <KeyFrame time="37000.99" yaw="0.000" pitch="0.000" roll="0.000" />
      <KeyFrame time="44999.99" yaw="0.000" pitch="0.000" roll="0.000" />
    </AngleFrame>
    <ScaleFrame count="5" sampling="Linear">
      <KeyFrame time="37000.99" scalex="0.0000" scaley="0.0000" scalez="0.000" visible="1" />
      <KeyFrame time="43000" scalex="0.0000" scaley="0.0000" scalez="0.000" visible="1" />
      <KeyFrame time="43020" scalex="1.0000" scaley="1.0000" scalez="0.020" visible="1" />
      <KeyFrame time="44000" scalex="1.0000" scaley="1.0000" scalez="1.000" visible="1" />
      <KeyFrame time="44999.99" scalex="1.0000" scaley="1.0000" scalez="1.000" visible="1" />
    </ScaleFrame>
  </Object>
  <Object path="3-胡村磡大桥\桥墩动画\3号墩\157_p_3_5" FileUrl="\\172.16.76.12\76.22-data-6\2_三维建模项目\2019C昌景黄GIS平台\8虚拟施工\DK66+500胡家磡大桥\3-三维场景集成\三维场景_分场景\data\157_p_3_5.xpl2">
    <XYZFrame count="2" sampling="Linear">
      <KeyFrame time="37000.99" x="117.6406002" y="29.7949630" z="95.937" />
      <KeyFrame time="44999.99" x="117.6406002" y="29.7949630" z="95.937" />
    </XYZFrame>
    <AngleFrame count="2" sampling="Linear">
      <KeyFrame time="37000.99" yaw="0.000" pitch="0.000" roll="0.000" />
      <KeyFrame time="44999.99" yaw="0.000" pitch="0.000" roll="0.000" />
    </AngleFrame>
    <ScaleFrame count="5" sampling="Linear">
      <KeyFrame time="37000.99" scalex="0.0000" scaley="0.0000" scalez="0.000" visible="1" />
      <KeyFrame time="44000" scalex="0.0000" scaley="0.0000" scalez="0.000" visible="1" />
      <KeyFrame time="44020" scalex="1.0000" scaley="1.0000" scalez="0.020" visible="1" />
      <KeyFrame time="44998.99" scalex="1.0000" scaley="1.0000" scalez="1.000" visible="1" />
      <KeyFrame time="44999.99" scalex="1.0000" scaley="1.0000" scalez="1.000" visible="1" />
    </ScaleFrame>
  </Object>
  <Object path="3-胡村磡大桥\桥墩动画\3号墩\157_p_3_6" FileUrl="\\172.16.76.12\76.22-data-6\2_三维建模项目\2019C昌景黄GIS平台\8虚拟施工\DK66+500胡家磡大桥\3-三维场景集成\三维场景_分场景\data\157_p_3_6.xpl2">
    <XYZFrame count="2" sampling="Linear">
      <KeyFrame time="37000.99" x="117.6406482" y="29.7949565" z="95.937" />
      <KeyFrame time="44999.99" x="117.6406482" y="29.7949565" z="95.937" />
    </XYZFrame>
    <AngleFrame count="2" sampling="Linear">
      <KeyFrame time="37000.99" yaw="0.000" pitch="0.000" roll="0.000" />
      <KeyFrame time="44999.99" yaw="0.000" pitch="0.000" roll="0.000" />
    </AngleFrame>
    <ScaleFrame count="5" sampling="Linear">
      <KeyFrame time="37000.99" scalex="0.0000" scaley="0.0000" scalez="0.000" visible="1" />
      <KeyFrame time="40000" scalex="0.0000" scaley="0.0000" scalez="0.000" visible="1" />
      <KeyFrame time="40020" scalex="1.0000" scaley="1.0000" scalez="0.020" visible="1" />
      <KeyFrame time="41000" scalex="1.0000" scaley="1.0000" scalez="1.000" visible="1" />
      <KeyFrame time="44999.99" scalex="1.0000" scaley="1.0000" scalez="1.000" visible="1" />
    </ScaleFrame>
  </Object>
  <Object path="3-胡村磡大桥\桥墩动画\3号墩\157_p_3_7" FileUrl="\\172.16.76.12\76.22-data-6\2_三维建模项目\2019C昌景黄GIS平台\8虚拟施工\DK66+500胡家磡大桥\3-三维场景集成\三维场景_分场景\data\157_p_3_7.xpl2">
    <XYZFrame count="2" sampling="Linear">
      <KeyFrame time="37000.99" x="117.6406204" y="29.7949488" z="95.937" />
      <KeyFrame time="44999.99" x="117.6406204" y="29.7949488" z="95.937" />
    </XYZFrame>
    <AngleFrame count="2" sampling="Linear">
      <KeyFrame time="37000.99" yaw="0.000" pitch="0.000" roll="0.000" />
      <KeyFrame time="44999.99" yaw="0.000" pitch="0.000" roll="0.000" />
    </AngleFrame>
    <ScaleFrame count="5" sampling="Linear">
      <KeyFrame time="37000.99" scalex="0.0000" scaley="0.0000" scalez="0.000" visible="1" />
      <KeyFrame time="42000" scalex="0.0000" scaley="0.0000" scalez="0.000" visible="1" />
      <KeyFrame time="42020" scalex="1.0000" scaley="1.0000" scalez="0.020" visible="1" />
      <KeyFrame time="43000" scalex="1.0000" scaley="1.0000" scalez="1.000" visible="1" />
      <KeyFrame time="44999.99" scalex="1.0000" scaley="1.0000" scalez="1.000" visible="1" />
    </ScaleFrame>
  </Object>
  <Object path="3-胡村磡大桥\桥墩动画\3号墩\157_p_3_8" FileUrl="\\172.16.76.12\76.22-data-6\2_三维建模项目\2019C昌景黄GIS平台\8虚拟施工\DK66+500胡家磡大桥\3-三维场景集成\三维场景_分场景\data\157_p_3_8.xpl2">
    <XYZFrame count="2" sampling="Linear">
      <KeyFrame time="37000.99" x="117.6405936" y="29.7949417" z="95.937" />
      <KeyFrame time="44999.99" x="117.6405936" y="29.7949417" z="95.937" />
    </XYZFrame>
    <AngleFrame count="2" sampling="Linear">
      <KeyFrame time="37000.99" yaw="0.000" pitch="0.000" roll="0.000" />
      <KeyFrame time="44999.99" yaw="0.000" pitch="0.000" roll="0.000" />
    </AngleFrame>
    <ScaleFrame count="5" sampling="Linear">
      <KeyFrame time="37000.99" scalex="0.0000" scaley="0.0000" scalez="0.000" visible="1" />
      <KeyFrame time="39000" scalex="0.0000" scaley="0.0000" scalez="0.000" visible="1" />
      <KeyFrame time="39020" scalex="1.0000" scaley="1.0000" scalez="0.020" visible="1" />
      <KeyFrame time="40000" scalex="1.0000" scaley="1.0000" scalez="1.000" visible="1" />
      <KeyFrame time="44999.99" scalex="1.0000" scaley="1.0000" scalez="1.000" visible="1" />
    </ScaleFrame>
  </Object>  
</MovieByFrames>