<?xml version="1.0" encoding="utf-8"?>
<MovieByFrames>
   <Object path="3-胡村磡大桥\桥墩动画\3号墩\157_p_3_c_1" FileUrl="\\172.16.76.12\76.22-data-6\2_三维建模项目\2019C昌景黄GIS平台\8虚拟施工\DK66+500胡家磡大桥\3-三维场景集成\三维场景_分场景\data\157_p_3_c_1.xpl2">
    <XYZFrame count="2" sampling="Linear">
      <KeyFrame time="221000" x="117.6406140" y="29.7949668" z="121.860" />
      <KeyFrame time="223999.99" x="117.6406140" y="29.7949668" z="121.860" />
    </XYZFrame>
    <AngleFrame count="2" sampling="Linear">
      <KeyFrame time="221000" yaw="0.000" pitch="0.000" roll="0.000" />
      <KeyFrame time="223999.99" yaw="0.000" pitch="0.000" roll="0.000" />
    </AngleFrame>
    <ScaleFrame count="5" sampling="Linear">
      <KeyFrame time="221000" scalex="0.0000" scaley="0.0000" scalez="0.000" visible="1" />
      <KeyFrame time="223000" scalex="0.0000" scaley="0.0000" scalez="0.000" visible="1" />
      <KeyFrame time="223020" scalex="1.0000" scaley="1.0000" scalez="0.020" visible="1" />
      <KeyFrame time="223998.99" scalex="1.0000" scaley="1.0000" scalez="1.000" visible="1" />
      <KeyFrame time="223999.99" scalex="1.0000" scaley="1.0000" scalez="1.000" visible="1" />
    </ScaleFrame>
  </Object>  
  <Object path="3-胡村磡大桥\桥墩动画\3号墩\3号墩D1" FileUrl="\\172.16.76.12\76.22-data-6\2_三维建模项目\2019C昌景黄GIS平台\8虚拟施工\DK66+500胡家磡大桥\3-三维场景集成\三维场景_分场景\动画成果\3-桥墩\xpl2\3号墩D1.xpl2">
    <XYZFrame count="2" sampling="Linear">
      <KeyFrame time="221000" x="117.6406117" y="29.7949560" z="121.196" />
      <KeyFrame time="223999.99" x="117.6406117" y="29.7949560" z="121.196" />
    </XYZFrame>
    <AngleFrame count="2" sampling="Linear">
      <KeyFrame time="221000" yaw="-1.400" pitch="0.000" roll="0.000" />
      <KeyFrame time="223999.99" yaw="-1.400" pitch="0.000" roll="0.000" />
    </AngleFrame>
    <ScaleFrame count="5" sampling="Linear">
      <KeyFrame time="221000" scalex="1.0000" scaley="1.0000" scalez="1.000" visible="1" />
      <KeyFrame time="221999.99" scalex="1.0000" scaley="1.0000" scalez="0.000" visible="1" />
      <KeyFrame time="222000" scalex="0.0000" scaley="0.0000" scalez="0.000" visible="1" />
      <KeyFrame time="223998.99" scalex="0.0000" scaley="0.0000" scalez="0.000" visible="1" />
      <KeyFrame time="223999.99" scalex="1.0000" scaley="1.0000" scalez="0.990" visible="1" />
    </ScaleFrame>
  </Object>
  <Object path="3-胡村磡大桥\桥墩动画\3号墩\3号墩承台模板" FileUrl="\\172.16.76.12\76.22-data-6\2_三维建模项目\2019C昌景黄GIS平台\8虚拟施工\DK66+500胡家磡大桥\3-三维场景集成\三维场景_分场景\动画成果\3-桥墩\xpl2\3号墩承台模板.xpl2">
    <XYZFrame count="2" sampling="Linear">
      <KeyFrame time="221000" x="117.6406138" y="29.7949668" z="121.779" />
      <KeyFrame time="223999.99" x="117.6406138" y="29.7949668" z="121.779" />
    </XYZFrame>
    <AngleFrame count="2" sampling="Linear">
      <KeyFrame time="221000" yaw="-18.000" pitch="0.000" roll="0.000" />
      <KeyFrame time="223999.99" yaw="-18.000" pitch="0.000" roll="0.000" />
    </AngleFrame>
    <ScaleFrame count="6" sampling="Linear">
      <KeyFrame time="221000" scalex="0.0000" scaley="0.0000" scalez="0.000" visible="1" />
      <KeyFrame time="222000" scalex="0.0000" scaley="0.0000" scalez="0.000" visible="1" />
      <KeyFrame time="222020" scalex="1.0000" scaley="1.0000" scalez="0.020" visible="1" />
      <KeyFrame time="223000" scalex="1.0000" scaley="1.0000" scalez="1.000" visible="1" />
      <KeyFrame time="223998.99" scalex="1.0000" scaley="1.0000" scalez="1.000" visible="1" />
      <KeyFrame time="223999.99" scalex="1.0000" scaley="1.0000" scalez="0.010" visible="1" />
    </ScaleFrame>
  </Object>
</MovieByFrames>