<?xml version="1.0" encoding="utf-8"?>
<MovieByFrames> 
  <Object path="3-胡村磡大桥\桥墩动画\3号墩\157_p_3_b_1" FileUrl="\\172.16.76.12\76.22-data-6\2_三维建模项目\2019C昌景黄GIS平台\8虚拟施工\DK66+500胡家磡大桥\3-三维场景集成\三维场景_分场景\data\157_p_3_b_1.xpl2">
    <XYZFrame count="2" sampling="Linear">
      <KeyFrame time="235000" x="117.6406140" y="29.7949668" z="124.637" />
      <KeyFrame time="237999.99" x="117.6406140" y="29.7949668" z="124.637" />
    </XYZFrame>
    <AngleFrame count="2" sampling="Linear">
      <KeyFrame time="235000" yaw="0.000" pitch="0.000" roll="0.000" />
      <KeyFrame time="237999.99" yaw="0.000" pitch="0.000" roll="0.000" />
    </AngleFrame>
    <ScaleFrame count="4" sampling="Linear">
      <KeyFrame time="235000" scalex="0.0000" scaley="0.0000" scalez="0.000" visible="1" />
      <KeyFrame time="235020" scalex="1.0000" scaley="1.0000" scalez="0.020" visible="1" />
      <KeyFrame time="236000" scalex="1.0000" scaley="1.0000" scalez="1.000" visible="1" />
      <KeyFrame time="237999.99" scalex="1.0000" scaley="1.0000" scalez="1.000" visible="1" />
    </ScaleFrame>
  </Object>
  <Object path="3-胡村磡大桥\桥墩动画\3号墩\157_p_3_b_2" FileUrl="\\172.16.76.12\76.22-data-6\2_三维建模项目\2019C昌景黄GIS平台\8虚拟施工\DK66+500胡家磡大桥\3-三维场景集成\三维场景_分场景\data\157_p_3_b_2.xpl2">
    <XYZFrame count="2" sampling="Linear">
      <KeyFrame time="235000" x="117.6406140" y="29.7949668" z="132.637" />
      <KeyFrame time="237999.99" x="117.6406140" y="29.7949668" z="132.637" />
    </XYZFrame>
    <AngleFrame count="2" sampling="Linear">
      <KeyFrame time="235000" yaw="0.000" pitch="0.000" roll="0.000" />
      <KeyFrame time="237999.99" yaw="0.000" pitch="0.000" roll="0.000" />
    </AngleFrame>
    <ScaleFrame count="5" sampling="Linear">
      <KeyFrame time="235000" scalex="0.0000" scaley="0.0000" scalez="0.000" visible="1" />
      <KeyFrame time="236000" scalex="0.0000" scaley="0.0000" scalez="0.000" visible="1" />
      <KeyFrame time="236020" scalex="1.0000" scaley="1.0000" scalez="0.020" visible="1" />
      <KeyFrame time="237000" scalex="1.0000" scaley="1.0000" scalez="1.000" visible="1" />
      <KeyFrame time="237999.99" scalex="1.0000" scaley="1.0000" scalez="1.000" visible="1" />
    </ScaleFrame>
  </Object>
  <Object path="3-胡村磡大桥\桥墩动画\3号墩\157_p_3_ds" FileUrl="\\172.16.76.12\76.22-data-6\2_三维建模项目\2019C昌景黄GIS平台\8虚拟施工\DK66+500胡家磡大桥\3-三维场景集成\三维场景_分场景\data\157_p_3_ds.xpl2">
    <XYZFrame count="2" sampling="Linear">
      <KeyFrame time="235000" x="117.6406140" y="29.7949668" z="135.637" />
      <KeyFrame time="237999.99" x="117.6406140" y="29.7949668" z="135.637" />
    </XYZFrame>
    <AngleFrame count="2" sampling="Linear">
      <KeyFrame time="235000" yaw="0.000" pitch="0.000" roll="0.000" />
      <KeyFrame time="237999.99" yaw="0.000" pitch="0.000" roll="0.000" />
    </AngleFrame>
    <ScaleFrame count="4" sampling="Linear">
      <KeyFrame time="235000" scalex="0.0000" scaley="0.0000" scalez="0.000" visible="1" />
      <KeyFrame time="237000" scalex="0.0000" scaley="0.0000" scalez="0.000" visible="1" />
      <KeyFrame time="237020" scalex="1.0000" scaley="1.0000" scalez="0.020" visible="1" />
      <KeyFrame time="237999.99" scalex="1.0000" scaley="1.0000" scalez="1.000" visible="1" />
    </ScaleFrame>
  </Object>   
</MovieByFrames>