<AnimationPresentation>
  <KeyStep starttime="246000.0" sectionname="开始架梁，漫游场地" showtime="6.00" speed="1.00" CameraPos="[117.6395443,29.7944344,196.518,61.3525,333.7248,0.0000]" TEPresentation="">
    <Text>桥墩施工完成后，开始架梁，共需架设32米简直箱梁6孔.</Text>
  </KeyStep>
  <KeyStep starttime="248000.0" sectionname="" showtime="3.00" speed="1.00" CameraPos="[117.6408534,29.7947840,613.441,333.8608,274.7294,0.0000]" TEPresentation="">
    <Text>
    </Text>
  </KeyStep>
  <KeyStep starttime="252000.0" sectionname="运梁路线" showtime="6.00" speed="1.00" CameraPos="[117.6407664,29.7940299,244.657,16.6649,338.7674,0.0000]" TEPresentation="">
    <Text>运架桥机从祁门梁场出发，距离7公里，穿越新建隧道、桥梁和路基段。</Text>
  </KeyStep>
  <KeyStep starttime="254000.0" sectionname="" showtime="6.00" speed="1.00" CameraPos="[117.6423466,29.7991212,225.329,61.7457,339.5178,0.0000]" TEPresentation="">
    <Text>
    </Text>
  </KeyStep>
  <KeyStep starttime="259000.0" sectionname="" showtime="6.00" speed="4.00" CameraPos="[117.6407664,29.7940299,244.657,16.6649,338.7674,0.0000]" TEPresentation="">
    <Text>运架机携带导梁抵达大桥小里程一侧路基，放导梁。</Text>
  </KeyStep>
  <KeyStep starttime="274603.5" sectionname="" showtime="6.00" speed="1.00" CameraPos="[117.6407678,29.7940340,244.476,16.6649,338.7674,0.0000]" TEPresentation="">
    <Text>
    </Text>
  </KeyStep>
</AnimationPresentation>