<AnimationPresentation>
  <KeyStep starttime="246000.0" sectionname="开始架梁，漫游场地" showtime="6.00" speed="0.70" CameraPos="[117.6392974,29.7949456,300.081,88.1533,306.7283,0.0000]" TEPresentation="8运架设量作业\11-架梁-01漫游场地" LockPos="0">
    <Text>桥墩施工完成后，开始架梁，共需架设32米简直箱梁6孔.</Text>
  </KeyStep>
  <KeyStep starttime="248000.0" sectionname="" showtime="3.00" speed="1.00" CameraPos="[117.6408534,29.7947840,613.441,333.8608,274.7294,0.0000]" TEPresentation="" LockPos="0">
    <Text>
    </Text>
  </KeyStep>
  <KeyStep starttime="252000.0" sectionname="运梁路线" showtime="6.00" speed="1.00" CameraPos="[117.6423382,29.7503719,6071.012,10.4012,317.7888,0.0000]" TEPresentation="8运架设量作业\11-架梁-02运梁路线" LockPos="0">
    <Text>运架桥机从祁门梁场出发，距离7公里，穿越新建隧道、桥梁和路基段。</Text>
  </KeyStep>
  <KeyStep starttime="254000.0" sectionname="" showtime="6.00" speed="0.90" CameraPos="[117.6423466,29.7991212,225.329,61.7457,339.5178,0.0000]" TEPresentation="" LockPos="0">
    <Text>
    </Text>
  </KeyStep>
  <KeyStep starttime="259000.0" sectionname="" showtime="6.00" speed="5.00" CameraPos="[117.6410683,29.7943238,228.850,11.0311,338.8173,0.0000]" TEPresentation="8运架设量作业\11-架梁-03到达桥头" LockPos="0">
    <Text>运架机携带导梁抵达大桥小里程一侧路基，放导梁，放置后支架</Text>
  </KeyStep>
  <KeyStep starttime="274603.5" sectionname="" showtime="6.00" speed="2.00" CameraPos="[117.6411478,29.7952498,173.726,357.5312,327.0690,0.0000]" TEPresentation="" LockPos="0">
    <Text>
    </Text>
  </KeyStep>
  <KeyStep starttime="286108.3" sectionname="" showtime="6.00" speed="1.00" CameraPos="[117.6408763,29.7947355,168.763,5.9556,341.0404,0.0000]" TEPresentation="8运架设量作业\11-架梁-04-导梁就位" LockPos="0">
    <Text>导梁前移至1号桥墩，放置中支架；</Text>
  </KeyStep>
  <KeyStep starttime="295861.1" sectionname="" showtime="6.00" speed="1.00" CameraPos="[117.6410702,29.7946811,190.184,347.9557,327.7905,0.0000]" TEPresentation="" LockPos="0">
    <Text>导梁迁移至2号桥墩，放置前支架；</Text>
  </KeyStep>
  <KeyStep starttime="302752.3" sectionname="" showtime="6.00" speed="0.50" CameraPos="[117.6413328,29.7946137,229.510,341.8230,319.2902,0.0000]" TEPresentation="" LockPos="0">
    <Text>导梁继续前移，放下后支腿， 运架梁车返回梁场取梁。</Text>
  </KeyStep>
  <KeyStep starttime="306000.0" sectionname="" showtime="6.00" speed="1.50" CameraPos="[117.6412385,29.7948887,183.434,332.4734,321.4995,0.0000]" TEPresentation="" LockPos="0">
    <Text>中支架由1号墩前移至2号墩，后支架前移至1号墩，导梁就位。</Text>
  </KeyStep>
  <KeyStep starttime="316000.0" sectionname="" showtime="6.00" speed="0.50" CameraPos="[117.6414596,29.7951943,250.789,267.1157,301.5064,0.0000]" TEPresentation="8运架设量作业\11-架梁-05-漫游场地" LockPos="0">
    <Text>以上过程为非要点施工，不封锁既有线。</Text>
  </KeyStep>
  <KeyStep starttime="317000.0" sectionname="" showtime="6.00" speed="0.30" CameraPos="[117.6402207,29.7948082,174.484,56.5647,330.9864,0.0000]" TEPresentation="" LockPos="0">
    <Text>
    </Text>
  </KeyStep>
  <KeyStep starttime="318000.0" sectionname="" showtime="6.00" speed="0.30" CameraPos="[117.6443484,29.7991574,196.785,12.9017,339.8833,0.0000]" TEPresentation="8运架设量作业\11-架梁-06-第一孔梁过隧道-桥梁" LockPos="0">
    <Text>主机运梁通过隧道；</Text>
  </KeyStep>
  <KeyStep starttime="319000.0" sectionname="" showtime="6.00" speed="1.00" CameraPos="[117.6435701,29.7990186,139.165,26.5610,357.7778,0.0000]" TEPresentation="" LockPos="0">
    <Text>通过桥梁路基段</Text>
  </KeyStep>
  <KeyStep starttime="323300.0" sectionname="" showtime="6.00" speed="5.00" CameraPos="[117.6416187,29.7950566,221.103,332.6646,319.3641,0.0000]" TEPresentation="" LockPos="1">
    <Text>主机将梁片运到桥头</Text>
  </KeyStep>
  <KeyStep starttime="325000.0" sectionname="" showtime="6.00" speed="0.80" CameraPos="[117.6417004,29.7949185,235.933,332.4670,319.3638,0.0000]" TEPresentation="" LockPos="1">
    <Text>
    </Text>
  </KeyStep>
  <KeyStep starttime="328440.0" sectionname="" showtime="6.00" speed="0.60" CameraPos="[117.6414547,29.7949763,186.079,337.4669,333.1140,0.0000]" TEPresentation="" LockPos="1">
    <Text>主机与驼梁小车对接，主机后轮组和驼梁小车共同驱动主机运梁上导梁。</Text>
  </KeyStep>
  <KeyStep starttime="333237.0" sectionname="" showtime="6.00" speed="0.12" CameraPos="[117.6419309,29.7950450,220.300,287.8290,324.0674,0.0000]" TEPresentation="" LockPos="0">
    <Text>开启第一次要点封锁，进行如下工作：</Text>
  </KeyStep>
  <KeyStep starttime="333700.0" sectionname="" showtime="12.00" speed="0.25" CameraPos="[117.6419270,29.7950461,220.006,287.8290,324.0674,0.0000]" TEPresentation="" LockPos="1">
    <Text>运梁到位，主机后轮组制动，驼梁小车前抽导梁。当导梁后端越过前墩顶中心线30毫米时停止前行，导梁过孔到位。预计封锁30分钟。</Text>
  </KeyStep>
  <KeyStep starttime="337000.0" sectionname="" showtime="12.00" speed="0.05" CameraPos="[117.6418310,29.7949923,204.537,301.3776,329.8170,0.0000]" TEPresentation="" LockPos="0">
    <Text>
    </Text>
  </KeyStep>
  <KeyStep starttime="337020.8" sectionname="" showtime="10.00" speed="0.55" CameraPos="[117.6413621,29.7950957,166.506,328.7104,337.3178,0.0000]" TEPresentation="" LockPos="1">
    <Text>操纵主机两台吊梁小车将箱梁落梁到位，完成梁片架设。架梁过程预计封锁30分钟。</Text>
  </KeyStep>
  <KeyStep starttime="339900.0" sectionname="" showtime="6.00" speed="0.03" CameraPos="[117.6413779,29.7954781,165.955,250.4804,333.9191,0.0000]" TEPresentation="" LockPos="1">
    <Text>
    </Text>
  </KeyStep>
  <KeyStep starttime="340010.0" sectionname="" showtime="6.00" speed="0.80" CameraPos="[117.6420115,29.7949981,268.515,301.8577,313.1140,0.0000]" TEPresentation="" LockPos="1">
    <Text>导梁后撤</Text>
  </KeyStep>
  <KeyStep starttime="342000.0" sectionname="" showtime="22.00" speed="0.05" CameraPos="[117.6411646,29.7947053,191.905,344.9097,330.6142,0.0000]" TEPresentation="" LockPos="1">
    <Text>导梁与已架梁片锚固好后，主机后轮组和驼梁小车共同驱动主机后退。
当驼梁小车退至导梁尾部时，主机前轮通过导梁后平台返回桥面，主机回厂取梁。预计封锁30分钟。</Text>
  </KeyStep>
  <KeyStep starttime="342800.0" sectionname="" showtime="6.00" speed="0.10" CameraPos="[117.6420145,29.7949965,268.880,301.8577,313.1140,0.0000]" TEPresentation="" LockPos="1">
    <Text>
    </Text>
  </KeyStep>
  <KeyStep starttime="343040.0" sectionname="" showtime="28.00" speed="1.20" CameraPos="[117.6416771,29.7950481,227.811,279.2813,312.8640,0.0000]" TEPresentation="" LockPos="1">
    <Text>前液轮支腿前移至下一墩台支撑并锚固好，中液轮支腿前移至下一墩台支撑并与前液轮支腿连接，后液轮支腿前移至下一墩台支撑并锚固好。导梁支腿完成过孔作业，处于待架梁状态。预计封锁90分钟。解除封锁等待运梁。 
第一次封锁总计180分钟。</Text>
  </KeyStep>
  <KeyStep starttime="361000.0" sectionname="" showtime="6.00" speed="0.06" CameraPos="[117.6412600,29.7952261,150.725,260.1701,344.6283,0.0000]" TEPresentation="" LockPos="1">
    <Text>
    </Text>
  </KeyStep>
  <KeyStep starttime="361200.0" sectionname="" showtime="6.00" speed="0.80" CameraPos="[117.6397805,29.7947857,188.815,70.4685,330.7626,0.0000]" TEPresentation="" LockPos="1">
    <Text>
    </Text>
  </KeyStep>
  <KeyStep starttime="368000.0" sectionname="" showtime="12.00" speed="4.00" CameraPos="[117.6422792,29.7953661,240.618,265.2683,320.2616,0.0000]" TEPresentation="" LockPos="1">
    <Text>架设第二孔梁，开启第二次封锁，封锁时间180分钟。</Text>
  </KeyStep>
  <KeyStep starttime="406820.9" sectionname="" showtime="6.00" speed="2.00" CameraPos="[117.6416764,29.7944127,294.836,301.5977,310.3530,0.0000]" TEPresentation="" LockPos="1">
    <Text>解除封锁。</Text>
  </KeyStep>
  <KeyStep starttime="414296.1" sectionname="" showtime="6.00" speed="5.00" CameraPos="[117.6416792,29.7944111,295.217,301.5977,310.3530,0.0000]" TEPresentation="" LockPos="0">
    <Text>架设第三孔梁，开启第三次封锁，封锁时间180分钟。</Text>
  </KeyStep>
  <KeyStep starttime="448752.0" sectionname="" showtime="6.00" speed="3.00" CameraPos="[117.6396630,29.7949367,188.234,88.1658,331.1035,0.0000]" TEPresentation="" LockPos="1">
    <Text>解除封锁。</Text>
  </KeyStep>
  <KeyStep starttime="456000.0" sectionname="" showtime="12.00" speed="2.00" CameraPos="[117.6392631,29.7948113,205.496,88.1064,331.1032,0.0000]" TEPresentation="" LockPos="1">
    <Text>架设第四孔梁，为非要点施工，不封锁既有线。</Text>
  </KeyStep>
  <KeyStep starttime="476000.0" sectionname="" showtime="15.00" speed="2.00" CameraPos="[117.6410311,29.7940238,204.853,305.1396,321.3523,0.0000]" TEPresentation="" LockPos="1">
    <Text>导梁后撤，将前支腿移至上一桥墩，收起锚固装置。中支腿前移，后支腿前移至下一桥墩，导梁前移，中支腿移至下一桥墩，导梁就绪。</Text>
  </KeyStep>
  <KeyStep starttime="504000.0" sectionname="" showtime="12.00" speed="4.00" CameraPos="[117.6408905,29.7937400,213.668,323.2915,320.6316,0.0000]" TEPresentation="" LockPos="0">
    <Text>架设第五孔梁。</Text>
  </KeyStep>
  <KeyStep starttime="528643.1" sectionname="" showtime="12.00" speed="2.00" CameraPos="[117.6410102,29.7939402,203.024,302.6396,322.6023,0.0000]" TEPresentation="" LockPos="1">
    <Text>导梁后撤，回收中支腿，导梁前移，后支腿移至桥台，导梁后撤，回收锚固装置，导梁前移就位。</Text>
  </KeyStep>
  <KeyStep starttime="557959.8" sectionname="" showtime="12.00" speed="3.00" CameraPos="[117.6410858,29.7938997,229.554,298.6465,317.6019,0.0000]" TEPresentation="" LockPos="1">
    <Text>架设第六孔梁。</Text>
  </KeyStep>
  <KeyStep starttime="580385.4" sectionname="" showtime="12.00" speed="0.60" CameraPos="[117.6396973,29.7927536,198.390,1.5999,333.8456,0.0000]" TEPresentation="" LockPos="1">
    <Text>架梁作业结束，主机移动至路基段，携带导梁前往下一个架梁工点。</Text>
  </KeyStep>
  <KeyStep starttime="584500.0" sectionname="" showtime="6.00" speed="1.00" CameraPos="[117.6396971,29.7927495,198.610,1.5999,333.8455,0.0000]" TEPresentation="2施工工序\桥面系施工" LockPos="0">
    <Text>桥梁附属设施施工，完成全桥。</Text>
  </KeyStep>
</AnimationPresentation>