<AnimationPresentation>
  <KeyStep starttime="1000.0" sectionname="" showtime="18" speed="0.01" CameraPos="[117.6402814,29.7946271,150.846,47.1139,339.2700,0.0000]" TEPresentation="1工程概况\1工程概况p1" LockPos="0">
    <Text>昌景黄铁路3标段胡村磡大桥位于安徽省黄山市祁门县塔坊镇境内，全长201.36m，结构形式为6孔32米简支箱梁，桥梁两侧与路堑连接。</Text>
  </KeyStep>
  <KeyStep starttime="1180.0" sectionname="" showtime="10" speed="0.01" CameraPos="[117.6402814,29.7946271,150.846,47.1139,339.2700,0.0000]" TEPresentation="1工程概况\1工程概况p1-1" LockPos="0">
    <Text>该桥处于红光与候潭之间，与皖赣铁路相交角度为39度25分</Text>
  </KeyStep>
  <KeyStep starttime="1280.0" sectionname="" showtime="4" speed="0.01" CameraPos="[117.6402814,29.7946271,150.846,47.1139,339.2700,0.0000]" TEPresentation="1工程概况\1工程概况p1-2" LockPos="0">
    <Text>相交处桥下净高7.56米</Text>
  </KeyStep>  
  <KeyStep starttime="1320.0" sectionname="" showtime="6" speed="0.01" CameraPos="[117.6402814,29.7946271,150.846,47.1139,339.2700,0.0000]" TEPresentation="1工程概况\1工程概况p2" LockPos="0">
    <Text>2号桥墩承台边沿距既有线路肩最近为4.3米</Text>
  </KeyStep> 
  <KeyStep starttime="1380.0" sectionname="" showtime="6" speed="0.01" CameraPos="[117.6402814,29.7946271,150.846,47.1139,339.2700,0.0000]" TEPresentation="1工程概况\1工程概况p2-1" LockPos="0">
    <Text>3号桥墩承台边沿距既有线路肩最近为3.7米</Text>
  </KeyStep>
  <KeyStep starttime="1440.0" sectionname="" showtime="10" speed="0.01" CameraPos="[117.6402814,29.7946271,150.846,47.1139,339.2700,0.0000]" TEPresentation="2施工工序\1管线迁改" LockPos="0">
    <Text>施工前需联系三电迁改单位进行改迁与防护</Text>
  </KeyStep>
  <KeyStep starttime="1540.0" sectionname="" showtime="11" speed="0.01" CameraPos="[117.6402814,29.7946271,150.846,47.1139,339.2700,0.0000]" TEPresentation="2施工工序\2场地平整" LockPos="0">
    <Text>对2、3号桥墩施工区域进行场地平整，靠近铁路侧挂设安全防护网。</Text>
  </KeyStep>
  <KeyStep starttime="1650.0" sectionname="" showtime="1" speed="1" CameraPos="[117.6402814,29.7946271,150.846,47.1139,339.2700,0.0000]" TEPresentation="" LockPos="0">
    <Text></Text>
  </KeyStep>
  <KeyStep starttime="1750.0" sectionname="桩基施工" showtime="1" speed="0.5" CameraPos="[117.6402814,29.7946271,150.846,47.1139,339.2700,0.0000]" TEPresentation="2施工工序\3旋挖钻孔" LockPos="0">
    <Text></Text>
  </KeyStep>
  <KeyStep starttime="2000.0" sectionname="" showtime="5" speed="1.00" CameraPos="[117.6402057,29.7946733,150.891,52.8996,340.5087,0.0000]" TEPresentation="2施工工序\3-1揽风绳" LockPos="0">
    <Text>旋挖作业需挂设揽风绳防止机械倾覆</Text>
  </KeyStep>
  <KeyStep starttime="8000.0" sectionname="" showtime="5" speed="0.6" CameraPos="[117.6400416,29.7945664,150.891,52.8995,340.5087,0.0000]" TEPresentation="2施工工序\3-3揽风绳" LockPos="0">
    <Text>安全防护区内进行作业</Text>
  </KeyStep>
  <KeyStep starttime="10000.0" sectionname="" showtime="5" speed="0.6" CameraPos="[117.6400416,29.7945664,150.891,52.8995,340.5087,0.0000]" TEPresentation="2施工工序\3-2钢护筒" LockPos="0">
    <Text>增加钢护筒以防止钻孔桩出渣侵限</Text>
  </KeyStep>
  <KeyStep starttime="14000.0" sectionname="钢筋笼吊装" showtime="9" speed="1.00" CameraPos="[117.6402154,29.7946826,152.850,52.5349,338.2803,0.0000]" TEPresentation="2施工工序\4钢筋笼吊装" LockPos="0">
    <Text>钢筋笼吊装作业选用25吨汽车吊，主臂长为13～38米，作业半径为15米</Text>
  </KeyStep>
  <KeyStep starttime="23000.0" sectionname="" showtime="7" speed="1.00" CameraPos="[117.6402154,29.7946826,152.850,52.5349,338.2803,0.0000]" TEPresentation="2施工工序\4-1汽车吊" LockPos="0">
    <Text>钢筋笼分节长度控制在6米,进行吊装作业。</Text>
  </KeyStep>
  <KeyStep starttime="30000.0" sectionname="" showtime="7" speed="3" CameraPos="[117.6402154,29.7946826,152.850,52.5349,338.2803,0.0000]" TEPresentation="2施工工序\4-2吊装" LockPos="0">
    <Text></Text>
  </KeyStep>
  <KeyStep starttime="37000.0" sectionname="桩基浇筑" showtime="8.00" speed="1" CameraPos="[117.6405701,29.7948322,172.608,12.5549,286.9607,0.0000]" TEPresentation="2施工工序\5桩基浇筑" LockPos="0">
    <Text>桩基浇筑遵循先施工邻近营业线侧桩基，后施工另一侧和跳桩施工的顺序。</Text>
  </KeyStep>  
  <KeyStep starttime="46000.0" sectionname="拉森钢板桩防护" showtime="30.00" speed="8" CameraPos="[117.6404541,29.7946138,152.878,21.5525,328.9605,0.0000]" TEPresentation="2施工工序\6拉森钢板桩防护" LockPos="0">
    <Text>桩基施工完毕，基坑开挖前在邻近营业线边坡采用拉森钢板桩防护</Text>
  </KeyStep>
  <KeyStep starttime="120000.0" sectionname="" showtime="30.00" speed="8" CameraPos="[117.6404541,29.7946138,152.878,21.5525,328.9605,0.0000]" TEPresentation="2施工工序\6-1拉森钢板桩防护" LockPos="0">
    <Text>桩长7.2米，距离坡脚2.7米。</Text>
  </KeyStep>
  <KeyStep starttime="170000.0" sectionname="" showtime="30.00" speed="7" CameraPos="[117.6404541,29.7946138,152.878,21.5525,328.9605,0.0000]" TEPresentation="2施工工序\6-2拉森钢板桩防护" LockPos="0">
    <Text>开挖基坑前应采用桩头环切工艺凿除桩头，验收合格后方可进行后续步骤</Text>
  </KeyStep>
  <KeyStep starttime="221000.0" sectionname="承台模板支立" showtime="6.00" speed="0.50" CameraPos="[117.6405273,29.7947901,150.166,28.8636,309.3192,0.0000]" TEPresentation="2施工工序\7基坑浇筑" LockPos="0">
    <Text>承台模板支立,分层分段浇筑承台混凝土</Text>
  </KeyStep>
  <KeyStep starttime="225000.0" sectionname="桥墩模板" showtime="9.00" speed="1.00" CameraPos="[117.6403385,29.7946771,155.992,44.8210,324.7608,0.0000]" TEPresentation="2施工工序\8桥墩模板" LockPos="0">
    <Text>墩身施工采用常规的钢筋绑扎-模板安装-混凝土浇筑及养护-拆除模板的施工工艺。</Text>
  </KeyStep>
  <KeyStep starttime="230000.0" sectionname="" showtime="9.00" speed="1.00" CameraPos="[117.6403385,29.7946771,155.992,44.8210,324.7608,0.0000]" TEPresentation="2施工工序\8-1桥墩模板" LockPos="0">
    <Text>为防止支架及模板倾覆，在墩身四周架设梯笼。</Text>
  </KeyStep>
  <KeyStep starttime="235000.0" sectionname="墩身浇筑" showtime="6.00" speed="0.50" CameraPos="[117.6404294,29.7948290,171.880,60.3211,296.5422,0.0000]" TEPresentation="2施工工序\9墩身浇筑" LockPos="0">
    <Text>墩身浇筑采用泵车，泵车处于安全防护区内。</Text>
  </KeyStep>
  <KeyStep starttime="239000.0" sectionname="其他桥墩浇筑" showtime="7.00" speed="1.00" CameraPos="[117.6389423,29.7945567,264.032,77.8083,319.7907,0.0000]" TEPresentation="2施工工序\10其他桥墩浇筑" LockPos="0">
    <Text>其他桥墩采用同样方法完成浇筑</Text>
  </KeyStep>
</AnimationPresentation>