<AnimationPresentation>
  <KeyStep starttime="1000.0" sectionname="桩基施工" showtime="13.00" speed="0.80" CameraPos="[117.6402331,29.7946734,165.006,52.1521,322.7321,0.0000]" TEPresentation="2施工工序\3旋挖钻孔">
    <Text>在安全防护区内进行桩基施工，使用旋挖钻机进行旋挖作业，并挂设揽风绳防止机械倾覆。为防止钻孔桩出渣侵限，钻孔作业增加钢护筒长度。</Text>
  </KeyStep>
  <KeyStep starttime="14000.0" sectionname="钢筋笼吊装" showtime="18.00" speed="1.00" CameraPos="[117.6402550,29.7947338,147.965,59.9056,333.7703,0.0000]" TEPresentation="2施工工序\4钢筋笼吊装">
    <Text>钢筋笼吊装作业选用25吨汽车吊，主臂长为13～38米，作业半径为15米。钢筋笼分节长度控制在6米。进行吊装作业。桩基浇筑遵循先施工邻近营业线侧桩基，后施工另一侧和跳桩施工的顺序。</Text>
  </KeyStep>
  <KeyStep starttime="37000.0" sectionname="桩基浇筑" showtime="8.00" speed="1.00" CameraPos="[117.6405701,29.7948322,172.608,12.5549,286.9607,0.0000]" TEPresentation="2施工工序\5桩基生长">
    <Text>桩基浇筑遵循先施工邻近营业线侧桩基，后施工另一侧和跳桩施工的顺序。</Text>
  </KeyStep>
  <KeyStep starttime="46000.0" sectionname="拉森钢板桩防护" showtime="30.00" speed="5.00" CameraPos="[117.6404541,29.7946138,152.878,21.5525,328.9605,0.0000]" TEPresentation="2施工工序\6钢板桩">
    <Text>桩基施工完毕，基坑开挖前在邻近营业线边坡采用拉森钢板桩防护，桩长7.2米，距离坡脚2.7米。开挖基坑，并采用桩头环切工艺凿除桩头，验收合格后方可进行后续步骤</Text>
  </KeyStep>
  <KeyStep starttime="221000.0" sectionname="承台模板支立" showtime="6.00" speed="0.50" CameraPos="[117.6405273,29.7947901,150.166,28.8636,309.3192,0.0000]" TEPresentation="">
    <Text>承台模板支立,分层分段浇筑承台混凝土</Text>
  </KeyStep>
  <KeyStep starttime="225000.0" sectionname="墩身施工" showtime="9.00" speed="1.00" CameraPos="[117.6403385,29.7946771,155.992,44.8210,324.7608,0.0000]" TEPresentation="">
    <Text>墩身施工采用常规的钢筋绑扎-模板安装-混凝土浇筑及养护-拆除模板的施工工艺。为防止支架及模板倾覆，在墩身四周架设梯笼，。</Text>
  </KeyStep>
  <KeyStep starttime="235000.0" sectionname="墩身浇筑" showtime="6.00" speed="0.50" CameraPos="[117.6404294,29.7948290,171.880,60.3211,296.5422,0.0000]" TEPresentation="">
    <Text>墩身浇筑采用泵车，泵车处于安全防护区内。</Text>
  </KeyStep>
  <KeyStep starttime="239000.0" sectionname="其他桥墩浇筑" showtime="7.00" speed="1.00" CameraPos="[117.6389423,29.7945567,264.032,77.8083,319.7907,0.0000]" TEPresentation="">
    <Text>
    </Text>
  </KeyStep>
  <KeyStep starttime="253600.0" sectionname="" showtime="7.00" speed="1.00" CameraPos="[117.6389384,29.7945560,264.355,77.8083,319.7906,0.0000]" TEPresentation="">
    <Text>
    </Text>
  </KeyStep>
</AnimationPresentation>