<AnimationPresentation>
  <KeyStep starttime="1000.0" sectionname="" showtime="18" speed="0.01" CameraPos="[117.6402814,29.7946271,150.846,47.1139,339.2700,0.0000]" TEPresentation="1工程概况\1工程概况p1" LockPos="0">
    <Text>昌景黄铁路3标段胡村磡大桥位于安徽省黄山市祁门县塔坊镇境内，全长201.36m，结构形式为6孔32米简支箱梁，桥梁两侧与路堑连接。</Text>
  </KeyStep>
  <KeyStep starttime="1180.0" sectionname="" showtime="10" speed="0.01" CameraPos="[117.6402814,29.7946271,150.846,47.1139,339.2700,0.0000]" TEPresentation="1工程概况\1工程概况p1-1" LockPos="0">
    <Text>该桥处于红光与候潭之间，与皖赣铁路相交角度为39度25分</Text>
  </KeyStep>
  <KeyStep starttime="1280.0" sectionname="" showtime="4" speed="0.01" CameraPos="[117.6402814,29.7946271,150.846,47.1139,339.2700,0.0000]" TEPresentation="1工程概况\1工程概况p1-2" LockPos="0">
    <Text>相交处桥下净高7.56米</Text>
  </KeyStep>  
  <KeyStep starttime="1320.0" sectionname="" showtime="6" speed="0.01" CameraPos="[117.6402814,29.7946271,150.846,47.1139,339.2700,0.0000]" TEPresentation="1工程概况\1工程概况p2" LockPos="0">
    <Text>2号桥墩承台边沿距既有线路肩最近为4.3米</Text>
  </KeyStep> 
  <KeyStep starttime="1380.0" sectionname="" showtime="6" speed="0.01" CameraPos="[117.6402814,29.7946271,150.846,47.1139,339.2700,0.0000]" TEPresentation="1工程概况\1工程概况p2-1" LockPos="0">
    <Text>3号桥墩承台边沿距既有线路肩最近为3.7米</Text>
  </KeyStep>
  <KeyStep starttime="1440.0" sectionname="" showtime="10" speed="0.01" CameraPos="[117.6402814,29.7946271,150.846,47.1139,339.2700,0.0000]" TEPresentation="2施工工序\1管线迁改" LockPos="0">
    <Text>施工前需联系三电迁改单位进行改迁与防护</Text>
  </KeyStep>
  <KeyStep starttime="1540.0" sectionname="" showtime="11" speed="0.01" CameraPos="[117.6402814,29.7946271,150.846,47.1139,339.2700,0.0000]" TEPresentation="2施工工序\2场地平整" LockPos="0">
    <Text>对2、3号桥墩施工区域进行场地平整，靠近铁路侧挂设安全防护网。</Text>
  </KeyStep>
  <KeyStep starttime="1650.0" sectionname="" showtime="1" speed="1" CameraPos="[117.6402814,29.7946271,150.846,47.1139,339.2700,0.0000]" TEPresentation="" LockPos="0">
    <Text></Text>
  </KeyStep>
  <KeyStep starttime="1750.0" sectionname="桩基施工" showtime="1" speed="0.5" CameraPos="[117.6402814,29.7946271,150.846,47.1139,339.2700,0.0000]" TEPresentation="2施工工序\3旋挖钻孔" LockPos="0">
    <Text></Text>
  </KeyStep>
  <KeyStep starttime="2000.0" sectionname="" showtime="5" speed="1.00" CameraPos="[117.6402057,29.7946733,150.891,52.8996,340.5087,0.0000]" TEPresentation="2施工工序\3-1揽风绳" LockPos="0">
    <Text>旋挖作业需挂设揽风绳防止机械倾覆</Text>
  </KeyStep>
  <KeyStep starttime="8000.0" sectionname="" showtime="5" speed="0.6" CameraPos="[117.6400416,29.7945664,150.891,52.8995,340.5087,0.0000]" TEPresentation="2施工工序\3-3揽风绳" LockPos="0">
    <Text>安全防护区内进行作业</Text>
  </KeyStep>
  <KeyStep starttime="10000.0" sectionname="" showtime="5" speed="0.6" CameraPos="[117.6400416,29.7945664,150.891,52.8995,340.5087,0.0000]" TEPresentation="2施工工序\3-2钢护筒" LockPos="0">
    <Text>增加钢护筒以防止钻孔桩出渣侵限</Text>
  </KeyStep>
  <KeyStep starttime="14000.0" sectionname="钢筋笼吊装" showtime="9" speed="1.00" CameraPos="[117.6402154,29.7946826,152.850,52.5349,338.2803,0.0000]" TEPresentation="2施工工序\4钢筋笼吊装" LockPos="0">
    <Text>钢筋笼吊装作业选用25吨汽车吊，主臂长为13～38米，作业半径为15米</Text>
  </KeyStep>
  <KeyStep starttime="23000.0" sectionname="" showtime="7" speed="1.00" CameraPos="[117.6402154,29.7946826,152.850,52.5349,338.2803,0.0000]" TEPresentation="2施工工序\4-1汽车吊" LockPos="0">
    <Text>钢筋笼分节长度控制在6米,进行吊装作业。</Text>
  </KeyStep>
  <KeyStep starttime="30000.0" sectionname="" showtime="7" speed="3" CameraPos="[117.6402154,29.7946826,152.850,52.5349,338.2803,0.0000]" TEPresentation="2施工工序\4-2吊装" LockPos="0">
    <Text></Text>
  </KeyStep>
  <KeyStep starttime="37000.0" sectionname="桩基浇筑" showtime="8.00" speed="1" CameraPos="[117.6405701,29.7948322,172.608,12.5549,286.9607,0.0000]" TEPresentation="2施工工序\5桩基浇筑" LockPos="0">
    <Text>桩基浇筑遵循先施工邻近营业线侧桩基，后施工另一侧和跳桩施工的顺序。</Text>
  </KeyStep>  
  <KeyStep starttime="46000.0" sectionname="拉森钢板桩防护" showtime="30.00" speed="8" CameraPos="[117.6404541,29.7946138,152.878,21.5525,328.9605,0.0000]" TEPresentation="2施工工序\6拉森钢板桩防护" LockPos="0">
    <Text>桩基施工完毕，基坑开挖前在邻近营业线边坡采用拉森钢板桩防护</Text>
  </KeyStep>
  <KeyStep starttime="120000.0" sectionname="" showtime="30.00" speed="8" CameraPos="[117.6404541,29.7946138,152.878,21.5525,328.9605,0.0000]" TEPresentation="2施工工序\6-1拉森钢板桩防护" LockPos="0">
    <Text>桩长7.2米，距离坡脚2.7米。</Text>
  </KeyStep>
  <KeyStep starttime="170000.0" sectionname="" showtime="30.00" speed="7" CameraPos="[117.6404541,29.7946138,152.878,21.5525,328.9605,0.0000]" TEPresentation="2施工工序\6-2拉森钢板桩防护" LockPos="0">
    <Text>开挖基坑前应采用桩头环切工艺凿除桩头，验收合格后方可进行后续步骤</Text>
  </KeyStep>
  <KeyStep starttime="221000.0" sectionname="承台模板支立" showtime="6.00" speed="0.50" CameraPos="[117.6405273,29.7947901,150.166,28.8636,309.3192,0.0000]" TEPresentation="2施工工序\7基坑浇筑" LockPos="0">
    <Text>承台模板支立,分层分段浇筑承台混凝土</Text>
  </KeyStep>
  <KeyStep starttime="225000.0" sectionname="桥墩模板" showtime="9.00" speed="1.00" CameraPos="[117.6403385,29.7946771,155.992,44.8210,324.7608,0.0000]" TEPresentation="2施工工序\8桥墩模板" LockPos="0">
    <Text>墩身施工采用常规的钢筋绑扎-模板安装-混凝土浇筑及养护-拆除模板的施工工艺。</Text>
  </KeyStep>
  <KeyStep starttime="230000.0" sectionname="" showtime="9.00" speed="1.00" CameraPos="[117.6403385,29.7946771,155.992,44.8210,324.7608,0.0000]" TEPresentation="2施工工序\8-1桥墩模板" LockPos="0">
    <Text>为防止支架及模板倾覆，在墩身四周架设梯笼。</Text>
  </KeyStep>
  <KeyStep starttime="235000.0" sectionname="墩身浇筑" showtime="6.00" speed="0.50" CameraPos="[117.6404294,29.7948290,171.880,60.3211,296.5422,0.0000]" TEPresentation="2施工工序\9墩身浇筑" LockPos="0">
    <Text>墩身浇筑采用泵车，泵车处于安全防护区内。</Text>
  </KeyStep>
  <KeyStep starttime="239000.0" sectionname="其他桥墩浇筑" showtime="7.00" speed="1.00" CameraPos="[117.6389423,29.7945567,264.032,77.8083,319.7907,0.0000]" TEPresentation="2施工工序\10其他桥墩浇筑" LockPos="0">
    <Text>其他桥墩采用同样方法完成浇筑</Text>
  </KeyStep>
  <KeyStep starttime="246000.0" sectionname="开始架梁，漫游场地" showtime="6.00" speed="0.70" CameraPos="[117.6392974,29.7949456,300.081,88.1533,306.7283,0.0000]" TEPresentation="" LockPos="1">
    <Text>桥墩施工完成后，开始架梁，共需架设32米简直箱梁6孔.</Text>
  </KeyStep>
  <KeyStep starttime="248000.0" sectionname="" showtime="3.00" speed="1.00" CameraPos="[117.6408534,29.7947840,613.441,333.8608,274.7294,0.0000]" TEPresentation="" LockPos="1">
    <Text>
    </Text>
  </KeyStep>
  <KeyStep starttime="252000.0" sectionname="运梁路线" showtime="6.00" speed="1.00" CameraPos="[117.6423382,29.7503719,6071.012,10.4012,317.7888,0.0000]" TEPresentation="" LockPos="1">
    <Text>运架桥机从祁门梁场出发，距离7公里，穿越新建隧道、桥梁和路基段。</Text>
  </KeyStep>
  <KeyStep starttime="254000.0" sectionname="" showtime="6.00" speed="0.90" CameraPos="[117.6423466,29.7991212,225.329,61.7457,339.5178,0.0000]" TEPresentation="" LockPos="1">
    <Text>
    </Text>
  </KeyStep>
  <KeyStep starttime="259000.0" sectionname="" showtime="6.00" speed="5.00" CameraPos="[117.6410683,29.7943238,228.850,11.0311,338.8173,0.0000]" TEPresentation="" LockPos="1">
    <Text>运架机携带导梁抵达大桥小里程一侧路基，放导梁，放置后支架</Text>
  </KeyStep>
  <KeyStep starttime="274603.5" sectionname="" showtime="6.00" speed="2.00" CameraPos="[117.6411478,29.7952498,173.726,357.5312,327.0690,0.0000]" TEPresentation="" LockPos="1">
    <Text>
    </Text>
  </KeyStep>
  <KeyStep starttime="286108.3" sectionname="" showtime="6.00" speed="1.00" CameraPos="[117.6408763,29.7947355,168.763,5.9556,341.0404,0.0000]" TEPresentation="" LockPos="1">
    <Text>导梁前移至1号桥墩，放置中支架；</Text>
  </KeyStep>
  <KeyStep starttime="295861.1" sectionname="" showtime="6.00" speed="1.00" CameraPos="[117.6410702,29.7946811,190.184,347.9557,327.7905,0.0000]" TEPresentation="" LockPos="1">
    <Text>导梁迁移至2号桥墩，放置前支架；</Text>
  </KeyStep>
  <KeyStep starttime="302752.3" sectionname="" showtime="6.00" speed="0.50" CameraPos="[117.6413328,29.7946137,229.510,341.8230,319.2902,0.0000]" TEPresentation="" LockPos="1">
    <Text>导梁继续前移，放下后支腿， 运架梁车返回梁场取梁。</Text>
  </KeyStep>
  <KeyStep starttime="306000.0" sectionname="" showtime="6.00" speed="1.50" CameraPos="[117.6412385,29.7948887,183.434,332.4734,321.4995,0.0000]" TEPresentation="" LockPos="1">
    <Text>中支架由1号墩前移至2号墩，后支架前移至1号墩，导梁就位。</Text>
  </KeyStep>
  <KeyStep starttime="316000.0" sectionname="" showtime="6.00" speed="0.50" CameraPos="[117.6414596,29.7951943,250.789,267.1157,301.5064,0.0000]" TEPresentation="" LockPos="1">
    <Text>以上过程为非要点施工，不封锁既有线。</Text>
  </KeyStep>
  <KeyStep starttime="317000.0" sectionname="" showtime="6.00" speed="0.30" CameraPos="[117.6402207,29.7948082,174.484,56.5647,330.9864,0.0000]" TEPresentation="" LockPos="1">
    <Text>
    </Text>
  </KeyStep>
  <KeyStep starttime="318000.0" sectionname="" showtime="6.00" speed="0.30" CameraPos="[117.6443484,29.7991574,196.785,12.9017,339.8833,0.0000]" TEPresentation="" LockPos="1">
    <Text>主机运梁通过隧道；</Text>
  </KeyStep>
  <KeyStep starttime="319000.0" sectionname="" showtime="6.00" speed="1.00" CameraPos="[117.6435701,29.7990186,139.165,26.5610,357.7778,0.0000]" TEPresentation="" LockPos="1">
    <Text>通过桥梁路基段</Text>
  </KeyStep>
  <KeyStep starttime="323300.0" sectionname="" showtime="6.00" speed="5.00" CameraPos="[117.6416187,29.7950566,221.103,332.6646,319.3641,0.0000]" TEPresentation="" LockPos="1">
    <Text>主机将梁片运到桥头</Text>
  </KeyStep>
  <KeyStep starttime="325000.0" sectionname="" showtime="6.00" speed="0.80" CameraPos="[117.6417004,29.7949185,235.933,332.4670,319.3638,0.0000]" TEPresentation="" LockPos="1">
    <Text>
    </Text>
  </KeyStep>
  <KeyStep starttime="328440.0" sectionname="" showtime="6.00" speed="0.60" CameraPos="[117.6414547,29.7949763,186.079,337.4669,333.1140,0.0000]" TEPresentation="" LockPos="1">
    <Text>主机与驼梁小车对接，主机后轮组和驼梁小车共同驱动主机运梁上导梁。</Text>
  </KeyStep>
  <KeyStep starttime="333237.0" sectionname="" showtime="6.00" speed="0.12" CameraPos="[117.6419309,29.7950450,220.300,287.8290,324.0674,0.0000]" TEPresentation="" LockPos="0">
    <Text>开启第一次要点封锁，进行如下工作：</Text>
  </KeyStep>
  <KeyStep starttime="333700.0" sectionname="" showtime="12.00" speed="0.25" CameraPos="[117.6419270,29.7950461,220.006,287.8290,324.0674,0.0000]" TEPresentation="" LockPos="1">
    <Text>运梁到位，主机后轮组制动，驼梁小车前抽导梁。当导梁后端越过前墩顶中心线30毫米时停止前行，导梁过孔到位。预计封锁30分钟。</Text>
  </KeyStep>
  <KeyStep starttime="337000.0" sectionname="" showtime="12.00" speed="0.05" CameraPos="[117.6418310,29.7949923,204.537,301.3776,329.8170,0.0000]" TEPresentation="" LockPos="0">
    <Text>
    </Text>
  </KeyStep>
  <KeyStep starttime="337020.8" sectionname="" showtime="10.00" speed="0.55" CameraPos="[117.6413621,29.7950957,166.506,328.7104,337.3178,0.0000]" TEPresentation="" LockPos="1">
    <Text>操纵主机两台吊梁小车将箱梁落梁到位，完成梁片架设。架梁过程预计封锁30分钟。</Text>
  </KeyStep>
  <KeyStep starttime="339900.0" sectionname="" showtime="6.00" speed="0.03" CameraPos="[117.6413779,29.7954781,165.955,250.4804,333.9191,0.0000]" TEPresentation="" LockPos="1">
    <Text>
    </Text>
  </KeyStep>
  <KeyStep starttime="340010.0" sectionname="" showtime="6.00" speed="0.80" CameraPos="[117.6420115,29.7949981,268.515,301.8577,313.1140,0.0000]" TEPresentation="" LockPos="1">
    <Text>导梁后撤</Text>
  </KeyStep>
  <KeyStep starttime="342000.0" sectionname="" showtime="22.00" speed="0.05" CameraPos="[117.6411646,29.7947053,191.905,344.9097,330.6142,0.0000]" TEPresentation="" LockPos="1">
    <Text>
      导梁与已架梁片锚固好后，主机后轮组和驼梁小车共同驱动主机后退。
      当驼梁小车退至导梁尾部时，主机前轮通过导梁后平台返回桥面，主机回厂取梁。预计封锁30分钟。
    </Text>
  </KeyStep>
  <KeyStep starttime="342800.0" sectionname="" showtime="6.00" speed="0.10" CameraPos="[117.6420145,29.7949965,268.880,301.8577,313.1140,0.0000]" TEPresentation="" LockPos="1">
    <Text>
    </Text>
  </KeyStep>
  <KeyStep starttime="343040.0" sectionname="" showtime="28.00" speed="1.20" CameraPos="[117.6416771,29.7950481,227.811,279.2813,312.8640,0.0000]" TEPresentation="" LockPos="1">
    <Text>
      前液轮支腿前移至下一墩台支撑并锚固好，中液轮支腿前移至下一墩台支撑并与前液轮支腿连接，后液轮支腿前移至下一墩台支撑并锚固好。导梁支腿完成过孔作业，处于待架梁状态。预计封锁90分钟。解除封锁等待运梁。
      第一次封锁总计180分钟。
    </Text>
  </KeyStep>
  <KeyStep starttime="361000.0" sectionname="" showtime="6.00" speed="0.06" CameraPos="[117.6412600,29.7952261,150.725,260.1701,344.6283,0.0000]" TEPresentation="" LockPos="1">
    <Text>
    </Text>
  </KeyStep>
  <KeyStep starttime="361200.0" sectionname="" showtime="6.00" speed="0.80" CameraPos="[117.6397805,29.7947857,188.815,70.4685,330.7626,0.0000]" TEPresentation="" LockPos="1">
    <Text>
    </Text>
  </KeyStep>
  <KeyStep starttime="368000.0" sectionname="" showtime="12.00" speed="4.00" CameraPos="[117.6422792,29.7953661,240.618,265.2683,320.2616,0.0000]" TEPresentation="" LockPos="1">
    <Text>架设第二孔梁，开启第二次封锁，封锁时间180分钟。</Text>
  </KeyStep>
  <KeyStep starttime="406820.9" sectionname="" showtime="6.00" speed="2.00" CameraPos="[117.6416764,29.7944127,294.836,301.5977,310.3530,0.0000]" TEPresentation="" LockPos="1">
    <Text>解除封锁。</Text>
  </KeyStep>
  <KeyStep starttime="414296.1" sectionname="" showtime="6.00" speed="5.00" CameraPos="[117.6416792,29.7944111,295.217,301.5977,310.3530,0.0000]" TEPresentation="" LockPos="0">
    <Text>架设第三孔梁，开启第三次封锁，封锁时间180分钟。</Text>
  </KeyStep>
  <KeyStep starttime="448752.0" sectionname="" showtime="6.00" speed="3.00" CameraPos="[117.6396630,29.7949367,188.234,88.1658,331.1035,0.0000]" TEPresentation="" LockPos="1">
    <Text>解除封锁。</Text>
  </KeyStep>
  <KeyStep starttime="456000.0" sectionname="" showtime="12.00" speed="2.00" CameraPos="[117.6392631,29.7948113,205.496,88.1064,331.1032,0.0000]" TEPresentation="" LockPos="1">
    <Text>架设第四孔梁，为非要点施工，不封锁既有线。</Text>
  </KeyStep>
  <KeyStep starttime="476000.0" sectionname="" showtime="15.00" speed="2.00" CameraPos="[117.6410311,29.7940238,204.853,305.1396,321.3523,0.0000]" TEPresentation="" LockPos="1">
    <Text>导梁后撤，将前支腿移至上一桥墩，收起锚固装置。中支腿前移，后支腿前移至下一桥墩，导梁前移，中支腿移至下一桥墩，导梁就绪。</Text>
  </KeyStep>
  <KeyStep starttime="504000.0" sectionname="" showtime="12.00" speed="4.00" CameraPos="[117.6408905,29.7937400,213.668,323.2915,320.6316,0.0000]" TEPresentation="" LockPos="0">
    <Text>架设第五孔梁。</Text>
  </KeyStep>
  <KeyStep starttime="528643.1" sectionname="" showtime="12.00" speed="2.00" CameraPos="[117.6410102,29.7939402,203.024,302.6396,322.6023,0.0000]" TEPresentation="" LockPos="1">
    <Text>导梁后撤，回收中支腿，导梁前移，后支腿移至桥台，导梁后撤，回收锚固装置，导梁前移就位。</Text>
  </KeyStep>
  <KeyStep starttime="557959.8" sectionname="" showtime="12.00" speed="3.00" CameraPos="[117.6410858,29.7938997,229.554,298.6465,317.6019,0.0000]" TEPresentation="" LockPos="1">
    <Text>架设第六孔梁。</Text>
  </KeyStep>
  <KeyStep starttime="580385.4" sectionname="" showtime="12.00" speed="0.60" CameraPos="[117.6396973,29.7927536,198.390,1.5999,333.8456,0.0000]" TEPresentation="" LockPos="1">
    <Text>架梁作业结束，主机移动至路基段，携带导梁前往下一个架梁工点。</Text>
  </KeyStep>
  <KeyStep starttime="584500.0" sectionname="" showtime="6.00" speed="1.00" CameraPos="[117.6396971,29.7927495,198.610,1.5999,333.8455,0.0000]" TEPresentation="2施工工序\桥面系施工" LockPos="0">
    <Text>桥梁附属设施施工，完成全桥。</Text>
  </KeyStep>
</AnimationPresentation>